Year,Movie,Rated,Release Date,Runtime,Genres,Language,Country,Awards,Metascore,Rating,Votes,Oscar Winner
2017,The Shape of Water,R,12/7/2017,123 min,"Adventure, Drama, Fantasy","English, American Sign Language, Russian","USA, Canada",Won 2 Golden Globes. Another 53 wins & 176 nominations.,86,8.2,15301,
2017,Three Billboards Outside Ebbing,R,11/9/2017,115 min,"Crime, Drama",English,"UK, USA",Won 4 Golden Globes. Another 64 wins & 152 nominations.,88,8.3,43466,
2017,Dunkirk,PG-13,7/20/2017,106 min,"Action, Drama, History","English, French, German","UK, Netherlands, France, USA",Nominated for 8 Oscars. Another 32 wins & 158 nominations.,94,8.1,332229,
2017,Lady Bird,R,2/14/2018,94 min,"Comedy, Drama",English,USA,Won 2 Golden Globes. Another 53 wins & 130 nominations.,94,8.1,24682,
2017,Get Out,R,2/23/2017,104 min,"Horror, Mystery, Thriller",English,"Japan, USA",Nominated for 4 Oscars. Another 87 wins & 145 nominations.,84,7.7,235146,
2017,The Post,PG-13,1/11/2018,116 min,"Biography, Drama, History",English,USA,Nominated for 6 Golden Globes. Another 9 wins & 67 nominations.,83,7.5,6454,
2017,Darkest Hour,PG-13,12/21/2017,125 min,"Biography, Drama, History","English, French","USA, UK",Nominated for 6 Oscars. Another 29 wins & 52 nominations.,75,7.4,20505,
2017,Call Me by Your Name,R,11/23/2017,132 min,"Drama, Romance","English, Italian, French, German","Italy, France, Brazil, USA",Nominated for 3 Golden Globes. Another 31 wins & 85 nominations.,93,8.3,41025,
2017,Phantom Thread,R,1/18/2018,130 min,"Drama, Romance",English,USA,Nominated for 2 Golden Globes. Another 26 wins & 58 nominations.,91,8.6,2715,
2016,Moonlight,R,11/17/2016,111 min,Drama,English,USA,Won 3 Oscars. Another 213 wins & 259 nominations.,99,7.5,178229,
2016,La La Land,PG-13,12/24/2016,128 min,"Comedy, Drama, Music",English,"USA, Hong Kong",Won 6 Oscars. Another 212 wins & 251 nominations.,93,8.1,345605,Yes
2016,Manchester by the Sea,R,12/15/2016,137 min,Drama,English,USA,Won 2 Oscars. Another 113 wins & 238 nominations.,96,7.9,174135,
2016,Hidden Figures: The Untold Story of the African American Women Who Helped win the Space Race,PG,1/6/2017,127 min,"Biography, Drama, History",English,USA,3 Nominations,74,7.8,139502,
2016,Fences,PG-13,12/24/2016,139 min,Drama,English,"USA, Canada",Won 1 Oscar. Another 51 wins & 104 nominations.,79,7.2,67906,
2016,Arrival,PG-13,11/10/2016,116 min,"Drama, Mystery, Sci-Fi","English, Russian, Mandarin",USA,Won 1 Oscar. Another 61 wins & 245 nominations.,81,8,425106,
2016,Hacksaw Ridge,R,11/3/2016,139 min,"Biography, Drama, History","English, Japanese","Australia, USA",Won 2 Oscars. Another 44 wins & 109 nominations.,71,8.2,295404,
2016,Hell or High Water,R,8/25/2016,102 min,"Crime, Drama, Thriller",English,USA,Nominated for 4 Oscars. Another 42 wins & 157 nominations.,88,7.6,144596,
2016,Lion,PG-13,1/5/2017,118 min,"Biography, Drama","English, Hindi, Bengali","UK, Australia, USA",Nominated for 6 Oscars. Another 48 wins & 79 nominations.,69,8.1,147680,
2015,Spotlight,R,11/19/2015,128 min,"Crime, Drama, History",English,USA,Won 2 Oscars. Another 119 wins & 138 nominations.,93,8.1,301438,Yes
2015,The Revenant,R,1/7/2016,156 min,"Adventure, Drama, History","English, Pawnee, French","USA, Hong Kong, Taiwan",Won 3 Oscars. Another 86 wins & 181 nominations.,76,8,543531,
2015,The Big Short,R,12/23/2015,130 min,"Biography, Comedy, Drama",English,USA,"Won 1 Oscar, 4 nominations",81,7.8,273329,
2015,The Martian,PG-13,10/1/2015,144 min,"Adventure, Drama, Sci-Fi","English, Mandarin","UK, USA",Nominated for 7 Oscars. Another 37 wins & 185 nominations.,80,8,601351,
2015,Mad Max: Fury Road,R,5/14/2015,120 min,"Action, Adventure, Sci-Fi","English, Russian","Australia, USA",Won 6 Oscars. Another 232 wins & 219 nominations.,90,8.1,687909,
2015,Room,R,1/21/2016,118 min,Drama,English,"Ireland, Canada, UK, USA",Won 1 Oscar. Another 103 wins & 135 nominations.,86,8.2,253304,
2015,Bridge of Spies,PG-13,10/15/2015,142 min,"Drama, History, Thriller","English, German, Russian","USA, Germany, India",Won 1 Oscar. Another 30 wins & 98 nominations.,81,7.6,235127,
2015,Brooklyn,PG-13,11/24/2015,117 min,"Drama, Romance","English, Latin, Scottish Gaelic","UK, Canada, Ireland, Belgium",Nominated for 3 Oscars. Another 36 wins & 152 nominations.,87,7.5,102985,
2014,Birdman or (The Unexpected Virtue of Ignorance),R,11/13/2014,119 min,"Comedy, Drama",English,USA,Won 4 Oscars. Another 191 wins & 275 nominations.,88,7.8,467182,
2014,American Sniper,R,1/15/2015,133 min,"Action, Biography, Drama","English, Arabic",USA,Won 1 Oscar. Another 23 wins & 42 nominations.,72,7.3,371623,
2014,Boyhood,R,8/14/2014,165 min,Drama,"English, Spanish",USA,Won 1 Oscar. Another 171 wins & 209 nominations.,100,7.9,298419,
2014,The Grand Budapest Hotel,R,3/27/2014,99 min,"Adventure, Comedy, Drama","English, French, German","USA, Germany",Won 4 Oscars. Another 127 wins & 218 nominations.,88,8.1,565838,
2014,The Imitation Game,PG-13,12/24/2014,114 min,"Biography, Drama, History","English, German","UK, USA",Won 1 Oscar. Another 46 wins & 155 nominations.,73,8,563739,
2014,Selma,PG-13,1/8/2015,128 min,"Biography, Drama, History",English,"UK, USA, France",Won 1 Oscar. Another 58 wins & 88 nominations.,89,7.5,70917,
2014,The Theory of Everything,PG-13,11/25/2014,123 min,"Biography, Drama, Romance","English, French","UK, Japan, USA",Won 1 Oscar. Another 24 wins & 121 nominations.,72,7.7,318012,
2014,Whiplash,R,10/14/2014,107 min,"Drama, Music",English,USA,Won 3 Oscars. Another 89 wins & 136 nominations.,88,8.5,523478,
2013,12 Years a Slave,R,11/7/2013,134 min,"Biography, Drama, History",English,"USA, UK",Won 3 Oscars. Another 235 wins & 326 nominations.,96,8.1,515567,Yes
2013,Gravity,PG-13,10/3/2013,91 min,"Drama, Sci-Fi, Thriller","English, Greenlandic","UK, USA",Won 7 Oscars. Another 232 wins & 175 nominations.,96,7.8,652985,
2013,American Hustle,R,12/19/2013,138 min,"Crime, Drama","English, Arabic",USA,Nominated for 10 Oscars. Another 70 wins & 208 nominations.,90,7.3,391271,
2013,Dallas Buyers Club,R,11/21/2013,117 min,"Biography, Drama","English, Japanese",USA,Won 3 Oscars. Another 81 wins & 81 nominations.,84,8,368646,
2013,Her,R,1/9/2014,126 min,"Drama, Romance, Sci-Fi",English,USA,Won 1 Oscar. Another 82 wins & 181 nominations.,90,8,414500,
2013,Philomena,PG-13,11/26/2013,98 min,"Biography, Drama",English,"UK, USA, France",Nominated for 4 Oscars. Another 32 wins & 76 nominations.,77,7.6,83592,
2013,The Wolf of Wall Street,R,12/24/2013,180 min,"Biography, Comedy, Crime","English, French",USA,Nominated for 5 Oscars. Another 38 wins & 165 nominations.,75,8.2,919258,
2013,Captain Phillips,PG-13,10/10/2013,134 min,"Biography, Drama, Thriller","English, Somali",USA,Nominated for 6 Oscars. Another 16 wins & 144 nominations.,83,7.8,362154,
2013,Nebraska,R,1/23/2014,115 min,"Adventure, Comedy, Drama","English, Spanish",USA,Nominated for 6 Oscars. Another 28 wins & 157 nominations.,86,7.7,99184,
2012,Argo,R,10/11/2012,120 min,"Biography, Drama, Thriller","English, Persian, Arabic",USA,Won 3 Oscars. Another 94 wins & 152 nominations.,86,7.7,499726,Yes
2012,Lincoln,PG-13,11/15/2012,150 min,"Biography, Drama, History",English,"USA, India",Won 2 Oscars. Another 108 wins & 242 nominations.,86,7.4,214495,
2012,Zero Dark Thirty,R,1/10/2013,157 min,"Drama, Thriller","English, Arabic",USA,Won 1 Oscar. Another 87 wins & 171 nominations.,95,7.4,235120,
2012,Les Misérables,PG-13,12/24/2012,158 min,"Drama, History, Musical",English,"UK, USA",Won 3 Oscars. Another 81 wins & 172 nominations.,63,7.6,265858,
2012,Life of Pi,PG,11/20/2012,127 min,"Adventure, Drama, Fantasy","English, Tamil, French, Japanese, Hindi, Chinese","USA, Taiwan, UK, Canada",Won 4 Oscars. Another 78 wins & 129 nominations.,79,7.9,493880,
2012,Silver Linings Playbook,R,12/24/2012,122 min,"Comedy, Drama, Romance",English,USA,Won 1 Oscar. Another 88 wins & 145 nominations.,81,7.8,584071,
2012,Django Unchained,R,12/24/2012,165 min,"Drama, Western","English, German, French, Italian",USA,Won 2 Oscars. Another 56 wins & 151 nominations.,81,8.4,1092023,
2012,Amour,PG-13,9/19/2012,127 min,Drama,"French, English","Austria, France, Germany",Won 1 Oscar. Another 77 wins & 103 nominations.,94,7.9,78300,
2012,Beasts of the Southern Wild,PG-13,7/4/2012,93 min,"Adventure, Drama, Fantasy",English,USA,Nominated for 4 Oscars. Another 92 wins & 123 nominations.,86,7.3,74555,
2011,The Artist,PG-13,1/19/2012,100 min,"Comedy, Drama, Romance","English, English, French","France, USA, Belgium",Won 5 Oscars. Another 146 wins & 189 nominations.,89,7.9,205918,Yes
2011,The Help,PG-13,8/9/2011,146 min,Drama,English,"USA, India, United Arab Emirates",Won 1 Oscar. Another 79 wins & 116 nominations.,62,8.1,357587,
2011,The Descendants,R,12/8/2011,115 min,"Comedy, Drama",English,USA,Won 1 Oscar. Another 66 wins & 142 nominations.,84,7.3,215571,
2011,Hugo,PG,11/22/2011,126 min,"Adventure, Drama, Family",English,USA,Won 5 Oscars. Another 57 wins & 186 nominations.,83,7.5,267843,
2011,Midnight in Paris,PG-13,6/9/2011,94 min,"Comedy, Fantasy, Romance","English, French, Spanish, German","Spain, USA, France",Won 1 Oscar. Another 24 wins & 101 nominations.,81,7.7,332380,
2011,Moneyball,PG-13,9/22/2011,133 min,"Biography, Drama, Sport",English,USA,Nominated for 6 Oscars. Another 29 wins & 75 nominations.,87,7.6,306208,
2011,The Tree of Life,PG-13,5/16/2011,139 min,"Drama, Fantasy",English,USA,Nominated for 3 Oscars. Another 111 wins & 118 nominations.,85,6.8,148200,
2011,War Horse,PG-13,12/24/2011,146 min,"Drama, War","English, German","USA, India",Nominated for 6 Oscars. Another 16 wins & 70 nominations.,72,7.2,126954,
2011,Extremely Loud & Incredibly Close,PG-13,1/19/2012,129 min,"Adventure, Drama, Mystery",English,USA,Nominated for 2 Oscars. Another 8 wins & 24 nominations.,46,6.9,88551,
2010,The King’s Speech,R,12/24/2010,118 min,"Biography, Drama",English,"UK, USA, Australia",Won 4 Oscars. Another 103 wins & 194 nominations.,88,8,553660,
2010,127 Hours,R,1/27/2011,94 min,"Adventure, Biography, Drama","English, Italian","USA, UK, France",Nominated for 6 Oscars. Another 23 wins & 141 nominations.,82,7.6,304006,
2010,Black Swan,R,12/16/2010,108 min,"Drama, Thriller","English, French, Italian",USA,Won 1 Oscar. Another 91 wins & 257 nominations.,79,8,602620,
2010,The Fighter,R,12/16/2010,116 min,"Biography, Drama, Sport",English,USA,Won 2 Oscars. Another 72 wins & 116 nominations.,79,7.8,299461,
2010,Inception,PG-13,7/15/2010,148 min,"Action, Adventure, Sci-Fi","English, Japanese, French","USA, UK",Won 4 Oscars. Another 152 wins & 204 nominations.,74,8.8,1670098,
2010,The Kids Are All Right,R,7/29/2010,106 min,"Comedy, Drama, Romance",English,USA,Nominated for 4 Oscars. Another 28 wins & 120 nominations.,86,7.1,116445,
2010,The Social Network,PG-13,9/30/2010,120 min,"Biography, Drama","English, French",USA,Won 3 Oscars. Another 165 wins & 168 nominations.,95,7.7,531277,
2010,Toy Story 3,G,6/17/2010,103 min,"Animation, Adventure, Comedy","English, Spanish",USA,Won 2 Oscars. Another 58 wins & 91 nominations.,92,8.3,614096,
2010,True Grit,PG-13,12/21/2010,110 min,"Adventure, Drama, Western",English,USA,Nominated for 10 Oscars. Another 37 wins & 153 nominations.,80,7.6,264316,
2010,Winter’s Bone,R,7/15/2010,100 min,Drama,English,USA,Nominated for 4 Oscars. Another 63 wins & 120 nominations.,90,7.2,119822,
2009,The Hurt Locker,R,7/30/2009,131 min,"Drama, History, Thriller","English, Arabic",USA,Won 6 Oscars. Another 117 wins & 126 nominations.,94,7.6,366377,Yes
2009,Avatar,PG-13,12/17/2009,162 min,"Action, Adventure, Fantasy","English, Spanish","UK, USA",Won 3 Oscars. Another 85 wins & 128 nominations.,83,7.8,972622,
2009,The Blind Side,PG-13,11/19/2009,129 min,"Biography, Drama, Sport",English,USA,Won 1 Oscar. Another 7 wins & 30 nominations.,53,7.7,245925,
2009,District 9,R,8/13/2009,112 min,"Sci-Fi, Thriller","English, Nyanja, Afrikaans, Zulu, Xhosa, Southern Sotho","South Africa, USA, New Zealand, Canada",Nominated for 4 Oscars. Another 30 wins & 110 nominations.,81,8,573554,
2009,An Education,PG-13,2/4/2010,100 min,Drama,"English, French","UK, USA",Nominated for 3 Oscars. Another 35 wins & 91 nominations.,85,7.3,118256,
2009,Inglourious Basterds,R,8/20/2009,153 min,"Adventure, Drama, War","English, German, French, Italian","USA, Germany",Won 1 Oscar. Another 129 wins & 165 nominations.,69,8.3,1015532,
2009,Precious: Based on the Novel Push by Sapphire,R,11/20/2009,110 min,Drama,English,USA,"Won 2 Oscar, Nominated for 4",0,7.3,95126,
2009,A Serious Man,R,11/5/2009,106 min,"Comedy, Drama","English, Yiddish, Hebrew","USA, UK, France",Nominated for 2 Oscars. Another 17 wins & 71 nominations.,79,7,111635,
2009,Up,PG,5/28/2009,96 min,"Animation, Adventure, Comedy",English,USA,Won 2 Oscars. Another 74 wins & 81 nominations.,88,8.3,757395,
2009,Up in the Air,R,12/22/2009,109 min,"Drama, Romance",English,USA,Nominated for 6 Oscars. Another 76 wins & 158 nominations.,83,7.4,286124,
2008,Slumdog Millionaire,R,12/24/2008,120 min,"Drama, Romance","English, Hindi, French","UK, France, USA",Won 8 Oscars. Another 144 wins & 126 nominations.,86,8,698568,Yes
2008,Frost/Nixon,R,1/22/2009,122 min,"Biography, Drama",English,"USA, UK, France",Nominated for 5 Oscars. Another 21 wins & 71 nominations.,80,7.7,92984,
2008,Milk,R,1/29/2009,128 min,"Biography, Drama",English,USA,Won 2 Oscars. Another 61 wins & 140 nominations.,84,7.6,147374,
2008,The Curious Case of Benjamin Button,PG-13,12/24/2008,166 min,"Drama, Fantasy, Romance","English, Russian, French",USA,Won 3 Oscars. Another 77 wins & 155 nominations.,70,7.8,504477,
2008,The Reader,R,1/29/2009,124 min,"Drama, Romance","English, German, Greek, Latin","USA, Germany",Won 1 Oscar. Another 25 wins & 47 nominations.,58,7.6,205397,
2007,No Country for Old Men,R,11/20/2007,122 min,"Crime, Drama, Thriller","English, Spanish",USA,Won 4 Oscars. Another 156 wins & 132 nominations.,91,8.1,693880,Yes
2007,Atonement,R,1/10/2008,123 min,"Drama, Mystery, Romance","English, French","UK, France, USA",Won 1 Oscar. Another 50 wins & 146 nominations.,85,7.8,211336,
2007,Juno,PG-13,12/24/2007,96 min,"Comedy, Drama",English,USA,Won 1 Oscar. Another 89 wins & 95 nominations.,81,7.5,445666,
2007,Michael Clayton,R,10/11/2007,119 min,"Crime, Drama, Mystery",English,USA,Won 1 Oscar. Another 26 wins & 110 nominations.,82,7.3,143031,
2007,There Will Be Blood,R,1/24/2008,158 min,Drama,"English, American Sign Language",USA,Won 2 Oscars. Another 106 wins & 136 nominations.,93,8.1,421813,
2006,The Departed,R,10/5/2006,151 min,"Crime, Drama, Thriller","English, Cantonese","USA, Hong Kong",Won 4 Oscars. Another 92 wins & 134 nominations.,85,8.5,978866,Yes
2006,Babel,R,11/9/2006,143 min,Drama,"English, Arabic, Spanish, Japanese, Berber languages, French, Russian, Japanese Sign Language","France, USA, Mexico",Won 1 Oscar. Another 41 wins & 134 nominations.,69,7.5,260125,
2006,Letters from Iwo Jima,R,2/1/2007,141 min,"Drama, History, War","Japanese, English",USA,Won 1 Oscar. Another 23 wins & 37 nominations.,89,7.9,140652,
2006,Little Miss Sunshine,R,8/17/2006,101 min,"Comedy, Drama",English,USA,Won 2 Oscars. Another 68 wins & 107 nominations.,80,7.8,385554,
2006,The Queen,PG-13,11/16/2006,103 min,"Biography, Drama","English, German, French","UK, USA, France, Italy",Won 1 Oscar. Another 94 wins & 95 nominations.,91,7.3,92490,
2005,Crash,R,5/5/2005,112 min,"Crime, Drama, Thriller","English, Persian, Spanish, Mandarin, Korean","USA, Germany",Won 3 Oscars. Another 64 wins & 111 nominations.,69,7.8,383333,Yes
2005,Brokeback Mountain,R,1/12/2006,134 min,"Drama, Romance","English, Spanish","USA, Canada",Won 3 Oscars. Another 138 wins & 127 nominations.,87,7.7,280854,
2005,Capote,R,2/2/2006,114 min,"Biography, Crime, Drama",English,"USA, Canada",Won 1 Oscar. Another 58 wins & 85 nominations.,88,7.4,109228,
2005,Good Night and Good Luck,PG,11/3/2005,93 min,"Biography, Drama, History",English,"USA, France, UK, Japan",Nominated for 6 Oscars. Another 38 wins & 121 nominations.,80,7.5,87657,
2005,Munich,R,1/5/2006,164 min,"Drama, History, Thriller","English, German, French, Hebrew, Arabic, Italian, Greek, Russian, Dutch","France, Canada, USA",Nominated for 5 Oscars. Another 13 wins & 65 nominations.,74,7.6,189215,
2004,Million Dollar Baby,PG-13,1/27/2005,132 min,"Drama, Sport","English, Irish",USA,Won 4 Oscars. Another 63 wins & 83 nominations.,86,8.1,539196,Yes
2004,Finding Neverland,PG,12/16/2004,106 min,"Biography, Drama, Family",English,"USA, UK",Won 1 Oscar. Another 19 wins & 80 nominations.,67,7.7,183749,
2004,Ray,PG-13,10/28/2004,152 min,"Biography, Drama, Music",English,USA,Won 2 Oscars. Another 52 wins & 54 nominations.,73,7.7,119943,
2004,Sideways,R,1/20/2005,126 min,"Comedy, Drama, Romance","English, Armenian","USA, Hungary",Won 1 Oscar. Another 121 wins & 87 nominations.,94,7.5,160798,
2004,The Aviator,PG-13,12/24/2004,170 min,"Biography, Drama, History",English,"Germany, USA",Won 5 Oscars. Another 81 wins & 130 nominations.,77,7.5,289263,
2003,The Lord of the Rings: The Return of the King,PG-13,12/16/2003,201 min,"Adventure, Drama, Fantasy","English, Quenya, Old English, Sindarin","USA, New Zealand",Won 11 Oscars. Another 197 wins & 122 nominations.,94,8.9,1358664,Yes
2003,Lost in Translation,R,10/2/2003,102 min,Drama,"English, Japanese, German, French","USA, Japan",Won 1 Oscar. Another 97 wins & 126 nominations.,89,7.8,350925,
2003,Master and Commander: The Far Side of the World,PG-13,11/13/2003,138 min,"Action, Adventure, Drama","English, French, Portuguese",USA,Won 2 Oscars. Another 21 wins & 90 nominations.,81,7.4,180620,
2003,Mystic River,R,10/14/2003,138 min,"Crime, Drama, Mystery",English,"USA, Australia",Won 2 Oscars. Another 53 wins & 142 nominations.,84,8,365902,
2003,Seabiscuit,PG-13,7/24/2003,140 min,"Drama, History, Sport",English,USA,Nominated for 7 Oscars. Another 6 wins & 37 nominations.,72,7.3,60411,
2002,Chicago,PG-13,1/23/2003,113 min,"Comedy, Crime, Musical","English, Hungarian","USA, Germany, Canada",Won 6 Oscars. Another 52 wins & 127 nominations.,82,7.2,187949,Yes
2002,Gangs of New York,R,12/19/2002,167 min,"Crime, Drama","English, Irish, Chinese, Latin","USA, Italy",Nominated for 10 Oscars. Another 50 wins & 124 nominations.,72,7.5,346696,
2002,The Hours,PG-13,2/13/2003,110 min,"Drama, Romance",English,"USA, UK",Won 1 Oscar. Another 41 wins & 125 nominations.,81,7.6,109460,
2002,The Lord of the Rings: The Two Towers,PG-13,12/17/2002,179 min,"Adventure, Drama, Fantasy","English, Sindarin, Old English","USA, New Zealand",Won 2 Oscars. Another 118 wins & 138 nominations.,87,8.7,1229497,
2002,The Pianist,R,3/27/2003,150 min,"Biography, Drama, Music","English, German, Russian","France, Poland, Germany, UK, USA",Won 3 Oscars. Another 52 wins & 73 nominations.,85,8.5,572388,
2001,A Beautiful Mind,PG-13,1/3/2002,135 min,"Biography, Drama",English,USA,Won 4 Oscars. Another 33 wins & 67 nominations.,72,8.2,700300,Yes
2001,Gosford Park,R,1/17/2002,131 min,"Comedy, Drama, Mystery",English,"UK, USA, Italy",Won 1 Oscar. Another 31 wins & 73 nominations.,90,7.3,69299,
2001,In the Bedroom,R,2/7/2002,130 min,"Crime, Drama","English, Serbo-Croatian",USA,Nominated for 5 Oscars. Another 38 wins & 69 nominations.,86,7.5,33986,
2001,Moulin Rouge,NOT RATED,4/9/1953,119 min,"Biography, Drama, Music",English,UK,Won 2 Oscars. Another 4 wins & 10 nominations.,66,7.2,4173,
2001,The Lord of the Rings: The Fellowship of the Ring,PG-13,12/18/2001,178 min,"Adventure, Drama, Fantasy","English, Sindarin","New Zealand, USA",Won 4 Oscars. Another 113 wins & 124 nominations.,92,8.8,1383011,
2000,Gladiator,R,5/4/2000,155 min,"Action, Adventure, Drama",English,"USA, UK",Won 5 Oscars. Another 53 wins & 101 nominations.,67,8.5,1097695,Yes
2000,Chocolat,PG-13,1/18/2001,121 min,"Drama, Romance","English, French","UK, USA",Nominated for 5 Oscars. Another 7 wins & 30 nominations.,64,7.3,160883,
2000,Erin Brockovich,R,3/16/2000,131 min,"Biography, Drama",English,USA,Won 1 Oscar. Another 31 wins & 58 nominations.,73,7.3,148195,
2000,Traffic,R,1/4/2001,147 min,"Crime, Drama, Thriller","English, Spanish","USA, Germany",Won 4 Oscars. Another 69 wins & 83 nominations.,86,7.6,179387,
2000,"Crouching Tiger, Hidden Dragon",PG-13,1/11/2001,120 min,"Action, Adventure, Fantasy",Mandarin,"Taiwan, Hong Kong, USA, China",Won 4 Oscars. Another 96 wins & 130 nominations.,93,7.9,230137,
1999,American Beauty,R,9/30/1999,122 min,Drama,English,USA,Won 5 Oscars. Another 103 wins & 98 nominations.,86,8.4,918019,Yes
1999,The Cider House Rules,PG-13,1/6/2000,126 min,"Drama, Romance",English,USA,Won 2 Oscars. Another 6 wins & 29 nominations.,75,7.4,84088,
1999,The Green Mile,R,12/9/1999,189 min,"Crime, Drama, Fantasy","English, French",USA,Nominated for 4 Oscars. Another 15 wins & 30 nominations.,61,8.5,898736,
1999,The Insider,R,11/4/1999,157 min,"Biography, Drama, Thriller","English, Japanese, Arabic, Persian",USA,Nominated for 7 Oscars. Another 23 wins & 50 nominations.,84,7.9,142559,
1999,The Sixth Sense,PG-13,8/5/1999,107 min,"Drama, Mystery, Thriller","English, Latin, Spanish",USA,Nominated for 6 Oscars. Another 32 wins & 47 nominations.,64,8.1,782525,
1998,Shakespeare in Love,R,1/7/1999,123 min,"Comedy, Drama, History",English,USA,Won 7 Oscars. Another 56 wins & 88 nominations.,87,7.2,189603,Yes
1998,Elizabeth,R,2/18/1999,124 min,"Biography, Drama, History","English, French",UK,Won 1 Oscar. Another 34 wins & 54 nominations.,75,7.5,81063,
1998,Life is Beautiful,PG-13,2/11/1999,116 min,"Comedy, Drama, War","Italian, German, English",Italy,Won 3 Oscars. Another 66 wins & 51 nominations.,59,8.6,487440,
1998,Saving Private Ryan,R,7/23/1998,169 min,"Drama, War","English, French, German, Czech",USA,Won 5 Oscars. Another 74 wins & 74 nominations.,90,8.6,1002470,
1998,The Thin Red Line,R,1/14/1999,170 min,"Drama, War","English, Tok Pisin, Japanese, Greek",USA,Nominated for 7 Oscars. Another 20 wins & 40 nominations.,78,7.6,151415,
1997,Titanic,PG-13,12/18/1997,194 min,"Drama, Romance","English, Swedish",USA,Won 11 Oscars. Another 111 wins & 75 nominations.,75,7.8,879510,Yes
1997,As Good as It Gets,PG-13,12/24/1997,139 min,"Comedy, Drama, Romance",English,USA,Won 2 Oscars. Another 35 wins & 49 nominations.,67,7.7,241445,
1997,Good Will Hunting,R,1/8/1998,126 min,Drama,English,USA,Won 2 Oscars. Another 22 wins & 55 nominations.,70,8.3,688701,
1997,L.A. Confidential,R,9/18/1997,138 min,"Crime, Drama, Mystery",English,USA,Won 2 Oscars. Another 85 wins & 78 nominations.,90,8.3,456157,
1997,The Full Monty,R,9/18/1997,91 min,"Comedy, Drama",English,"UK, USA",Won 1 Oscar. Another 35 wins & 31 nominations.,75,7.2,87875,
1996,The English Patient,R,12/5/1996,162 min,"Drama, Romance, War","English, German, Italian, Arabic","USA, UK",Won 9 Oscars. Another 53 wins & 75 nominations.,87,7.4,154970,Yes
1996,Fargo,R,4/4/1996,98 min,"Crime, Drama, Thriller",English,"USA, UK",Won 2 Oscars. Another 79 wins & 60 nominations.,85,8.1,509660,
1996,Jerry Maguire,R,12/12/1996,139 min,"Comedy, Drama, Romance","English, American Sign Language",USA,Won 1 Oscar. Another 25 wins & 41 nominations.,77,7.3,207195,
1996,Secrets & Lies,R,2/27/1997,136 min,Drama,"English, Greek","France, UK",Nominated for 5 Oscars. Another 33 wins & 42 nominations.,91,8,30788,
1996,Shine,PG-13,2/13/1997,105 min,"Biography, Drama, Music","English, Yiddish",Australia,Won 1 Oscar. Another 45 wins & 51 nominations.,87,7.7,46099,
1995,Braveheart,R,5/23/1995,178 min,"Biography, Drama, History","English, French, Latin, Scottish Gaelic",USA,Won 5 Oscars. Another 26 wins & 28 nominations.,68,8.4,825431,Yes
1995,Apollo 13,PG,6/29/1995,140 min,"Adventure, Drama, History",English,USA,Won 2 Oscars. Another 24 wins & 49 nominations.,77,7.6,227705,
1995,Babe,G,8/3/1995,91 min,"Comedy, Drama, Family",English,"Australia, USA",Won 1 Oscar. Another 18 wins & 23 nominations.,83,6.8,101808,
1995,The Postman,R,12/24/1997,177 min,"Action, Adventure, Drama",English,USA,7 wins & 7 nominations.,29,6,60595,
1995,Sense and Sensibility,PG,1/25/1996,136 min,"Drama, Romance","English, French","USA, UK",Won 1 Oscar. Another 31 wins & 44 nominations.,84,7.7,85547,
1994,Forrest Gump,PG-13,7/5/1994,142 min,"Drama, Romance",English,USA,Won 6 Oscars. Another 39 wins & 66 nominations.,82,8.8,1438959,Yes
1994,Four Weddings and a Funeral,R,4/14/1994,117 min,"Comedy, Drama, Romance","English, British Sign Language",UK,Nominated for 2 Oscars. Another 24 wins & 23 nominations.,81,7.1,117304,
1994,Pulp Fiction,R,10/13/1994,154 min,"Crime, Drama","English, Spanish, French",USA,Won 1 Oscar. Another 60 wins & 68 nominations.,94,8.9,1491145,
1994,Quiz Show,PG-13,10/6/1994,133 min,"Biography, Drama, History",English,USA,Nominated for 4 Oscars. Another 6 wins & 26 nominations.,88,7.5,57755,
1994,The Shawshank Redemption,R,10/13/1994,142 min,"Crime, Drama",English,USA,Nominated for 7 Oscars. Another 19 wins & 29 nominations.,80,9.3,1899849,
1993,Schindler's List,R,2/3/1994,195 min,"Biography, Drama, History","English, Hebrew, German, Polish",USA,Won 7 Oscars. Another 78 wins & 44 nominations.,93,8.9,979809,Yes
1993,In the Name of the Father,R,2/24/1994,133 min,"Biography, Drama",English,"Ireland, UK, USA",Nominated for 7 Oscars. Another 7 wins & 32 nominations.,84,8.1,126599,
1993,The Fugitive,PG-13,8/5/1993,130 min,"Action, Crime, Drama","English, Polish, Spanish",USA,Won 1 Oscar. Another 11 wins & 31 nominations.,88,7.8,230146,
1993,The Piano,R,2/10/1994,121 min,"Drama, Music, Romance","English, British Sign Language, Maori","New Zealand, Australia, France",Won 3 Oscars. Another 60 wins & 52 nominations.,89,7.6,69085,
1993,The Remains of the Day,PG,11/18/1993,134 min,"Drama, Romance","English, French, German","USA, UK",Nominated for 8 Oscars. Another 16 wins & 30 nominations.,84,7.9,51109,
1992,Unforgiven,R,8/6/1992,130 min,"Drama, Western",English,USA,Won 4 Oscars. Another 44 wins & 45 nominations.,85,8.2,311318,Yes
1992,A Few Good Men,R,12/10/1992,138 min,"Drama, Thriller",English,USA,Nominated for 4 Oscars. Another 10 wins & 26 nominations.,62,7.7,199273,
1992,Howards End,PG,2/25/1993,142 min,"Drama, Romance","English, German","UK, Japan, USA",Won 3 Oscars. Another 29 wins & 48 nominations.,89,7.5,23554,
1992,Scent of a Woman,R,1/7/1993,156 min,Drama,English,USA,Won 1 Oscar. Another 5 wins & 14 nominations.,59,8,214635,
1992,The Crying Game,R,2/18/1993,112 min,"Crime, Drama, Romance",English,"UK, Japan, USA",Won 1 Oscar. Another 21 wins & 46 nominations.,90,7.3,44495,
1991,The Silence of the Lambs,R,2/13/1991,118 min,"Crime, Drama, Thriller",English,USA,Won 5 Oscars. Another 54 wins & 44 nominations.,85,8.6,1009378,Yes
1991,Beauty and the Beast,G,11/21/1991,84 min,"Animation, Family, Fantasy","English, French",USA,Won 2 Oscars. Another 24 wins & 25 nominations.,95,8,353715,
1991,Bugsy,R,12/19/1991,136 min,"Biography, Crime, Drama",English,USA,Won 2 Oscars. Another 10 wins & 38 nominations.,80,6.8,22443,
1991,JFK,R,12/19/1991,189 min,"Drama, History, Thriller","English, Spanish","France, USA",Won 2 Oscars. Another 17 wins & 24 nominations.,72,8,122815,
1991,The Prince of Tides,R,12/24/1991,132 min,"Drama, Romance",English,USA,Nominated for 7 Oscars. Another 3 wins & 11 nominations.,65,6.7,13546,
1990,Dances With Wolves,PG-13,11/20/1990,181 min,"Adventure, Drama, Western","English, Sioux, Pawnee","USA, UK",Won 7 Oscars. Another 43 wins & 37 nominations.,72,8,204563,Yes
1990,Awakenings,PG-13,1/11/1991,121 min,"Biography, Drama",English,USA,Nominated for 3,74,7.8,103771,
1990,Ghost,PG-13,7/12/1990,127 min,"Drama, Fantasy, Romance",English,USA,Won 2 Oscars. Another 16 wins & 22 nominations.,52,7,167010,
1990,Goodfellas,R,9/20/1990,146 min,"Biography, Crime, Drama","English, Italian",USA,Won 1 Oscar. Another 43 wins & 37 nominations.,89,8.7,818246,
1990,The Godfather Part III,N/A,12/25/1990,4 min,Short,English,USA,7 nominations,60,7.6,303184,
1989,Driving Miss Daisy,PG,1/26/1990,99 min,Drama,English,USA,"Won 4 Oscars, nominated for 5",81,7.4,81609,Yes
1989,Born on the Fourth of July,R,1/4/1990,145 min,"Biography, Drama, War","English, Spanish",USA,Won 2 Oscars. Another 13 wins & 25 nominations.,75,7.2,84058,
1989,Dead Poets Society,PG,6/8/1989,128 min,"Comedy, Drama","English, Latin",USA,Won 1 Oscar. Another 18 wins & 18 nominations.,79,8,313289,
1989,Field of Dreams,PG,5/4/1989,107 min,"Drama, Family, Fantasy",English,USA,Nominated for 3 Oscars. Another 7 wins & 10 nominations.,57,7.5,93652,
1989,My Left Foot: The Story of Christy Brown,R,3/30/1990,103 min,"Biography, Drama",English,USA,"Won 2 Oscars, nominated for 3",97,7.9,56163,
1988,Rain Man,R,12/15/1988,133 min,Drama,"English, Italian",USA,Won 4 Oscars. Another 22 wins & 22 nominations.,65,8,414013,Yes
1988,Dangerous Liaisons,R,2/23/1989,119 min,"Drama, Romance",English,"USA, UK",Won 3 Oscars. Another 16 wins & 20 nominations.,74,7.7,56512,
1988,Mississippi Burning,R,1/26/1989,128 min,"Crime, Drama, History",English,USA,Won 1 Oscar. Another 16 wins & 24 nominations.,65,7.8,71828,
1988,The Accidental Tourist,PG,1/5/1989,121 min,"Drama, Romance",English,USA,Won 1 Oscar. Another 3 wins & 10 nominations.,53,6.8,13135,
1988,Working Girl,R,12/20/1988,113 min,"Comedy, Drama, Romance",English,USA,Won 1 Oscar. Another 8 wins & 17 nominations.,73,6.7,44822,
1987,The Last Emperor,PG-13,4/15/1988,163 min,"Biography, Drama, History",English,USA,Won 9 Oscars,76,7.8,78231,Yes
1987,Broadcast News,R,12/24/1987,133 min,"Comedy, Drama, Romance","English, Spanish, French, German",USA,Nominated for 7 Oscars. Another 13 wins & 16 nominations.,84,7.2,23125,
1987,Fatal Attraction,R,9/17/1987,119 min,"Drama, Thriller",English,USA,Nominated for 6 Oscars. Another 7 wins & 16 nominations.,67,6.9,61513,
1987,Hope and Glory,PG-13,2/18/1988,113 min,"Comedy, Drama, Romance",English,"UK, USA",Nominated for 5 Oscars. Another 16 wins & 24 nominations.,N/A,7.4,10302,
1987,Moonstruck,PG,1/14/1988,102 min,"Comedy, Drama, Romance","English, Italian",USA,Won 3 Oscars. Another 15 wins & 19 nominations.,83,7.1,39345,
1986,Platoon,R,2/5/1987,120 min,"Drama, War","English, Vietnamese","UK, USA",Won 4 Oscars. Another 19 wins & 14 nominations.,92,8.1,322807,Yes
1986,A Room with a View,NOT RATED,4/10/1986,117 min,"Drama, Romance","English, Italian",UK,Won 3 Oscars. Another 21 wins & 23 nominations.,80,7.4,32883,
1986,Children of a Lesser God,R,10/31/1986,119 min,"Drama, Romance",English,USA,"Won 1 Oscar, nominated for 4",#N/A,7.2,12749,
1986,Hannah and Her Sisters,PG-13,3/13/1986,107 min,"Comedy, Drama",English,USA,Won 3 Oscars. Another 22 wins & 27 nominations.,90,8,57517,
1986,The Mission,PG,10/30/1986,125 min,"Adventure, Drama, History","English, Guarani, Spanish, Latin","UK, France",Won 1 Oscar. Another 12 wins & 27 nominations.,N/A,7.5,48066,
1985,Out of Africa,PG,12/19/1985,161 min,"Biography, Drama, Romance","English, Swahili","USA, UK",Won 7 Oscars. Another 23 wins & 27 nominations.,N/A,7.2,58343,Yes
1985,Kiss of the Spider Woman,R,7/25/1985,120 min,Drama,"English, French, Portuguese, German","Brazil, USA",Won 1 Oscar. Another 12 wins & 10 nominations.,80,7.4,12042,
1985,Prizzi's Honor,R,6/13/1985,130 min,"Comedy, Crime, Drama",English,USA,Won 1 Oscar. Another 25 wins & 24 nominations.,N/A,6.8,19855,
1985,The Color Purple,PG-13,2/6/1986,154 min,Drama,English,USA,Nominated for 11 Oscars. Another 14 wins & 12 nominations.,78,7.8,66420,
1985,Witness,R,2/7/1985,112 min,"Crime, Drama, Romance","English, German",USA,Won 2 Oscars. Another 11 wins & 25 nominations.,76,7.4,72570,
1984,Amadeus,R,9/18/1984,160 min,"Biography, Drama, History","English, Italian, Latin, German","USA, France",Won 8 Oscars. Another 33 wins & 14 nominations.,93,8.3,306326,Yes
1984,A Passage to India,PG,1/31/1985,164 min,"Adventure, Drama, History","English, Hindi","UK, USA",Won 2 Oscars. Another 19 wins & 26 nominations.,N/A,7.4,14334,
1984,A Soldier's Story,PG,11/1/1984,101 min,"Crime, Drama, Mystery",English,USA,Nominated for 3 Oscars. Another 5 wins & 6 nominations.,N/A,7.2,7348,
1984,Places in the Heart,PG,10/4/1984,111 min,Drama,English,USA,Won 2 Oscars. Another 11 wins & 14 nominations.,N/A,7.3,8492,
1984,The Killing Fields,R,1/31/1985,141 min,"Biography, Drama, History","English, French, Khmer, Russian",UK,Won 3 Oscars. Another 24 wins & 22 nominations.,N/A,7.9,45169,
1983,Terms of Endearment,PG,12/8/1983,132 min,"Comedy, Drama",English,USA,Won 5 Oscars. Another 27 wins & 18 nominations.,79,7.4,45189,Yes
1983,Tender Mercies,PG,6/9/1983,92 min,"Drama, Music",English,USA,Won 2 Oscars. Another 7 wins & 14 nominations.,N/A,7.4,7815,
1983,The Big Chill,R,9/29/1983,105 min,"Comedy, Drama",English,USA,Nominated for 3 Oscars. Another 3 wins & 5 nominations.,62,7.2,27798,
1983,The Dresser,PG,12/5/1983,118 min,Drama,English,UK,Nominated for 5 Oscars. Another 5 wins & 12 nominations.,N/A,7.7,4007,
1983,The Right Stuff,PG,2/16/1984,193 min,"Adventure, Biography, Drama","English, Russian",USA,Won 4 Oscars. Another 7 wins & 15 nominations.,N/A,7.9,48886,
1982,Gandhi,PG,2/24/1983,191 min,"Biography, Drama, History",English,"UK, India, USA",Won 8 Oscars. Another 27 wins & 20 nominations.,79,8.1,190561,Yes
1982,E.T. the Extra-Terrestrial,PG,6/10/1982,115 min,"Family, Sci-Fi",English,USA,Won 4 Oscars. Another 47 wins & 33 nominations.,91,7.9,312678,
1982,Missing,PG,3/11/1982,122 min,"Biography, Drama, History","English, Spanish, French",USA,Won 1 Oscar. Another 9 wins & 18 nominations.,78,7.8,15282,
1982,The Verdict,R,12/16/1982,129 min,Drama,English,USA,Nominated for 5 Oscars. Another 3 wins & 9 nominations.,N/A,7.8,29592,
1982,Tootsie,PG,12/16/1982,116 min,"Comedy, Drama, Romance",English,USA,Won 1 Oscar. Another 24 wins & 30 nominations.,87,7.4,84019,
1981,Chariots of Fire,PG,4/8/1982,125 min,"Biography, Drama, Sport","English, French",UK,Won 4 Oscars. Another 14 wins & 19 nominations.,78,7.2,44979,Yes
1981,Atlantic City,R,4/2/1981,104 min,"Crime, Drama, Romance","English, French","France, Canada",Nominated for 5 Oscars. Another 25 wins & 16 nominations.,N/A,7.4,12364,
1981,On Golden Pond,PG,2/11/1982,109 min,Drama,English,"UK, USA",Won 3 Oscars. Another 11 wins & 23 nominations.,N/A,7.7,23479,
1981,Raiders of the Lost Ark,PG,6/11/1981,115 min,"Action, Adventure","English, German, Hebrew, Spanish, Arabic, Nepali",USA,Won 4 Oscars. Another 30 wins & 23 nominations.,85,8.5,735487,
1981,Reds,PG,12/24/1981,195 min,"Biography, Drama, History","English, Russian, German, French, Finnish, Italian",USA,Won 3 Oscars. Another 19 wins & 34 nominations.,76,7.5,17890,
1980,Ordinary People,R,2/25/1981,124 min,Drama,English,USA,Won 4 Oscars. Another 15 wins & 14 nominations.,87,7.8,38481,Yes
1980,Coal Miner's Daughter,PG,3/6/1980,124 min,"Biography, Drama, Music",English,USA,Won 1 Oscar. Another 8 wins & 13 nominations.,87,7.5,14092,
1980,Raging Bull,R,12/18/1980,129 min,"Biography, Drama, Sport",English,USA,Won 2 Oscars. Another 22 wins & 26 nominations.,92,8.2,260987,
1980,Tess,PG,12/11/1980,186 min,"Drama, Romance",English,"UK, France",Won 3 Oscars. Another 13 wins & 14 nominations.,N/A,7.3,12347,
1980,The Elephant Man,PG,10/9/1980,124 min,"Biography, Drama",English,"USA, UK",Nominated for 8 Oscars. Another 10 wins & 13 nominations.,N/A,8.2,181401,
1979,Kramer vs. Kramer,PG,12/18/1979,105 min,Drama,English,USA,Won 5 Oscars. Another 33 wins & 23 nominations.,77,7.8,108539,Yes
1979,All That Jazz,R,12/19/1979,123 min,"Comedy, Drama, Music","English, Spanish",USA,Won 4 Oscars. Another 6 wins & 14 nominations.,N/A,7.8,21727,
1979,Apocalypse Now,R,8/14/1979,147 min,"Drama, War","English, French, Vietnamese",USA,Won 2 Oscars. Another 18 wins & 31 nominations.,94,8.5,498639,
1979,Breaking Away,PG,7/19/1979,101 min,"Comedy, Drama, Romance","English, Italian, French",USA,Won 1 Oscar. Another 10 wins & 14 nominations.,91,7.7,18786,
1979,Norma Rae,PG,3/1/1979,114 min,Drama,English,USA,Won 2 Oscars. Another 10 wins & 6 nominations.,61,7.4,8464,
1978,The Deer Hunter,R,2/22/1979,183 min,"Drama, War","English, Russian, Vietnamese, French","USA, UK",Won 5 Oscars. Another 17 wins & 26 nominations.,81,8.2,259834,Yes
1978,An Unmarried Woman,R,5/25/1978,124 min,"Comedy, Drama, Romance",English,USA,Nominated for 3 Oscars. Another 6 wins & 14 nominations.,N/A,7.2,3708,
1978,Coming Home,R,2/14/1978,127 min,"Drama, Romance, War",English,USA,Won 3 Oscars. Another 11 wins & 14 nominations.,N/A,7.3,10314,
1978,Heaven Can Wait,PG,6/27/1978,101 min,"Comedy, Fantasy, Romance",English,USA,Won 1 Oscar. Another 8 wins & 13 nominations.,72,6.9,15562,
1978,Midnight Express,R,10/5/1978,121 min,"Biography, Crime, Drama","English, Maltese, French, Turkish","UK, USA, Turkey, France",Won 2 Oscars. Another 14 wins & 14 nominations.,59,7.6,60432,
1977,Annie Hall,PG,4/19/1977,93 min,"Comedy, Romance","English, German",USA,Won 4 Oscars. Another 26 wins & 8 nominations.,92,8.1,219020,Yes
1977,Julia,PG,1/19/1978,117 min,Drama,"English, French, German, Russian",USA,Won 3 Oscars. Another 18 wins & 24 nominations.,58,7.4,7358,
1977,Star Wars: Episode IV - A New Hope,PG,5/24/1977,121 min,"Action, Adventure, Fantasy",English,USA,Won 6 Oscars. Another 50 wins & 28 nominations.,90,8.7,1029576,
1977,The Goodbye Girl,PG,11/29/1977,111 min,"Comedy, Drama, Romance","English, Japanese",USA,Won 1 Oscar. Another 9 wins & 9 nominations.,N/A,7.4,10263,
1977,The Turning Point,PG,11/17/1977,119 min,"Drama, Romance","English, French",USA,Nominated for 11 Oscars. Another 11 wins & 7 nominations.,N/A,7,3536,
1976,Rocky,PG,12/2/1976,120 min,"Drama, Sport",English,USA,Won 3 Oscars. Another 16 wins & 21 nominations.,69,8.1,429160,Yes
1976,All the President's Men,PG,4/8/1976,138 min,"Biography, Drama, History","English, Spanish",USA,Won 4 Oscars. Another 13 wins & 21 nominations.,80,8,83020,
1976,Bound for Glory,PG,12/4/1976,147 min,"Biography, Drama, Music",English,USA,Won 2 Oscars. Another 4 wins & 11 nominations.,N/A,7.4,3986,
1976,Network,R,11/26/1976,121 min,Drama,English,USA,Won 4 Oscars. Another 15 wins & 25 nominations.,88,8.1,117244,
1976,Taxi Driver,R,2/7/1976,114 min,"Crime, Drama","English, Spanish",USA,Nominated for 4 Oscars. Another 21 wins & 15 nominations.,93,8.3,576964,
1975,One Flew Over the Cuckoo's Nest,R,11/18/1975,133 min,Drama,English,USA,Won 5 Oscars. Another 30 wins & 13 nominations.,80,8.7,756026,Yes
1975,Barry Lyndon,PG,12/17/1975,185 min,"Adventure, Drama, History","English, German, French","UK, USA",Won 4 Oscars. Another 13 wins & 14 nominations.,N/A,8.1,115250,
1975,Dog Day Afternoon,R,12/24/1975,125 min,"Biography, Crime, Drama",English,USA,Won 1 Oscar. Another 13 wins & 19 nominations.,N/A,8,202948,
1975,Jaws,PG,6/19/1975,124 min,"Adventure, Drama, Thriller",English,USA,Won 3 Oscars. Another 10 wins & 18 nominations.,87,8,464124,
1975,Nashville,TV-PG,9/21/1975,43 min,"Drama, Music, Romance",English,USA,Nominated for 3 Golden Globes. Another 3 wins & 34 nominations.,N/A,7.7,20069,
1974,The Godfather: Part II,R,12/19/1974,202 min,"Crime, Drama","English, Italian, Spanish, Latin, Sicilian",USA,Won 6 Oscars. Another 11 wins & 20 nominations.,85,9,899631,Yes
1974,Chinatown,R,6/19/1974,130 min,"Drama, Mystery, Thriller","English, Cantonese, Spanish",USA,Won 1 Oscar. Another 20 wins & 24 nominations.,86,8.2,242753,
1973,Lenny,R,11/30/1974,111 min,"Biography, Drama",English,USA,Nominated for 6 Oscars. Another 7 wins & 10 nominations.,N/A,7.6,12166,
1973,The Conversation,PG,5/31/1974,113 min,"Drama, Mystery, Thriller",English,USA,Nominated for 3 Oscars. Another 14 wins & 13 nominations.,86,7.9,81560,
1973,The Towering Inferno,PG,12/31/1974,165 min,"Action, Drama, Thriller",English,USA,Won 3 Oscars. Another 9 wins & 13 nominations.,N/A,6.9,33011,
1972,The Sting,PG,12/24/1973,129 min,"Comedy, Crime, Drama",English,USA,Won 7 Oscars. Another 10 wins & 6 nominations.,80,8.3,197317,Yes
1972,A Touch of Class,PG,8/8/1973,106 min,"Comedy, Romance","English, Spanish",UK,Won 1 Oscar. Another 10 wins & 10 nominations.,N/A,6.5,2276,
1972,American Graffiti,PG,8/10/1973,110 min,"Comedy, Drama",English,USA,Nominated for 5 Oscars. Another 9 wins & 8 nominations.,97,7.5,69644,
1972,The Exorcist,R,12/25/1973,122 min,Horror,"English, Latin, Greek, French, German, Arabic, Kurdish",USA,Won 2 Oscars. Another 14 wins & 17 nominations.,82,8,308945,
1972,Cries and Whispers,R,3/5/1973,91 min,Drama,"Swedish, English",Sweden,"Won 1 Oscar, Nominated for 1",0,8.2,22621,
1971,The Godfather,R,3/23/1972,175 min,"Crime, Drama","English, Italian, Latin",USA,Won 3 Oscars. Another 24 wins & 27 nominations.,100,9.2,1303505,Yes
1971,Cabaret,PG,2/12/1972,124 min,"Drama, Musical","English, German, Hebrew, French",USA,Won 8 Oscars. Another 27 wins & 15 nominations.,80,7.8,40100,
1971,Deliverance,R,9/19/1972,109 min,"Adventure, Drama, Thriller",English,USA,Nominated for 3 Oscars. Another 2 wins & 10 nominations.,N/A,7.7,84729,
1971,Sounder,G,4/25/1973,105 min,"Drama, Family",English,USA,Nominated for 4 Oscars. Another 4 wins & 8 nominations.,N/A,7.7,2849,
1971,The Emigrants,PG,3/7/1971,151 min,"Drama, History","Swedish, English",Sweden,Nominated for 5 Oscars. Another 7 wins & 5 nominations.,N/A,8,3993,
1970,The French Connection,R,10/8/1971,104 min,"Action, Crime, Drama","English, French",USA,Won 5 Oscars. Another 17 wins & 10 nominations.,96,7.8,91481,Yes
1970,A Clockwork Orange,R,2/1/1972,136 min,"Crime, Drama, Sci-Fi",English,"UK, USA",Nominated for 4 Oscars. Another 9 wins & 19 nominations.,78,8.3,629404,
1970,Fiddler on the Roof,G,11/2/1971,181 min,"Drama, Family, Musical","English, Hebrew, Russian",USA,Won 3 Oscars. Another 6 wins & 13 nominations.,N/A,8,32448,
1970,Nicholas and Alexandra,GP,12/12/1971,183 min,"Biography, Drama, History","English, French, German, Russian","UK, USA",Won 2 Oscars. Another 1 win & 11 nominations.,N/A,7.3,3671,
1970,The Last Picture Show,R,10/21/1971,118 min,Drama,English,USA,Won 2 Oscars. Another 16 wins & 22 nominations.,N/A,8.1,34658,
1969,Patton,GP,4/1/1970,172 min,"Biography, Drama, War","English, German, French, Russian, Arabic, Italian",USA,Won 7 Oscars. Another 17 wins & 8 nominations.,91,8,82904,Yes
1969,Airport,G,3/4/1970,137 min,"Action, Drama, Thriller","English, Italian",USA,Won 1 Oscar. Another 3 wins & 19 nominations.,42,6.6,14587,
1969,Five Easy Pieces,R,2/18/1971,98 min,Drama,English,USA,Nominated for 4 Oscars. Another 10 wins & 18 nominations.,N/A,7.5,27767,
1969,Love Story,PG,12/15/1970,99 min,"Drama, Romance",English,USA,Won 1 Oscar. Another 9 wins & 16 nominations.,84,6.9,25026,
1969,MASH,R,2/28/1970,116 min,"Comedy, Drama, War","English, Japanese, Korean",USA,Won 1 Oscar. Another 14 wins & 25 nominations.,79,7.6,59705,
1968,Midnight Cowboy,R,6/15/1969,113 min,Drama,"English, Italian",USA,Won 3 Oscars. Another 24 wins & 15 nominations.,79,7.9,83417,Yes
1968,Anne of the Thousand Days,PG,12/17/1969,145 min,"Biography, Drama, History",English,UK,Won 1 Oscar. Another 5 wins & 16 nominations.,N/A,7.6,5669,
1968,Butch Cassidy and the Sundance Kid,PG,10/23/1969,110 min,"Biography, Crime, Drama","English, Spanish",USA,Won 4 Oscars. Another 16 wins & 14 nominations.,58,8.1,169770,
1968,"Hello, Dolly!",G,12/15/1969,146 min,"Adventure, Comedy, Musical",English,USA,Won 3 Oscars. Another 1 win & 13 nominations.,N/A,7.2,11121,
1968,Z,PG,12/7/1969,127 min,"Crime, Drama, History","French, Russian, English","France, Algeria",Won 2 Oscars. Another 9 wins & 12 nominations.,N/A,8.2,19712,
1967,Oliver!,G,9/26/1968,153 min,"Drama, Family, Musical",English,UK,Won 5 Oscars. Another 7 wins & 25 nominations.,N/A,7.5,28548,Yes
1967,Funny Girl,G,9/18/1968,151 min,"Biography, Comedy, Drama",English,USA,Won 1 Oscar. Another 7 wins & 16 nominations.,89,7.6,14905,
1967,"Rachel, Rachel",APPROVED,8/25/1968,101 min,"Drama, Romance",English,USA,Nominated for 4 Oscars. Another 7 wins & 5 nominations.,N/A,7.5,2429,
1967,Romeo and Juliet,PG,10/7/1968,138 min,"Drama, Romance",English,"UK, Italy",Won 2 Oscars. Another 14 wins & 15 nominations.,N/A,7.6,25400,
1967,The Lion in Winter,PG,10/29/1968,134 min,"Biography, Drama, History",English,"UK, USA",Won 3 Oscars. Another 12 wins & 18 nominations.,N/A,8.1,24963,
1966,In the Heat of the Night,NOT RATED,10/24/1967,109 min,"Crime, Drama, Mystery",English,USA,Won 5 Oscars. Another 17 wins & 14 nominations.,75,8,55704,Yes
1966,Bonnie and Clyde,R,8/31/1967,111 min,"Action, Biography, Crime",English,USA,Won 2 Oscars. Another 20 wins & 27 nominations.,81,7.9,87877,
1966,Doctor Dolittle,PG-13,6/25/1998,85 min,"Comedy, Family, Fantasy",English,USA,4 wins & 8 nominations.,46,5.3,81487,
1966,Guess Who’s Coming to Dinner,NOT RATED,12/11/1967,108 min,"Comedy, Drama",English,USA,Won 2 Oscars. Another 8 wins & 22 nominations.,63,7.8,32355,
1966,The Graduate,PG,12/21/1967,106 min,"Comedy, Drama",English,USA,Won 1 Oscar. Another 20 wins & 16 nominations.,77,8,226084,
1965,A Man for All Seasons,G,5/2/1967,120 min,"Biography, Drama, History","English, Latin, Spanish, French",UK,Won 6 Oscars. Another 27 wins & 8 nominations.,N/A,7.9,25754,Yes
1965,Alfie,R,11/4/2004,103 min,"Comedy, Drama, Romance",English,"UK, USA",Won 1 Golden Globe. Another 6 wins & 7 nominations.,49,6.2,46042,
1965,The Russians Are Coming,N/A,7/31/1973,63 min,Adult,English,USA,N/A,N/A,5.4,15,
1965,the Russians Are Coming,N/A,7/31/1973,63 min,Adult,English,USA,N/A,N/A,5.4,15,
1965,The Sand Pebbles,APPROVED,12/19/1966,182 min,"Adventure, Drama, Romance","English, Mandarin",USA,Nominated for 8 Oscars. Another 2 wins & 13 nominations.,N/A,7.7,11200,
1965,Who’s Afraid of Virginia Woolf?,NOT RATED,6/21/1966,131 min,Drama,"English, Latin, Spanish",USA,Won 5 Oscars. Another 17 wins & 23 nominations.,N/A,8.1,60475,
1964,The Sound of Music,G,3/28/1965,174 min,"Biography, Drama, Family","English, German",USA,Won 5 Oscars. Another 12 wins & 13 nominations.,N/A,8,165827,Yes
1964,A Thousand Clowns,UNRATED,9/8/1966,118 min,"Comedy, Drama, Romance",English,USA,Won 1 Oscar. Another 3 wins & 7 nominations.,N/A,7.6,2700,
1964,Darling,TV-MA,8/2/1965,128 min,"Drama, Romance",English,UK,Won 3 Oscars. Another 15 wins & 8 nominations.,N/A,7.2,4692,
1964,Doctor Zhivago,PG-13,12/30/1965,197 min,"Drama, Romance, War","English, Russian, French","USA, Italy, UK",Won 5 Oscars. Another 16 wins & 13 nominations.,69,8,60421,
1964,Ship of Fools,NOT RATED,9/30/1965,149 min,"Drama, Romance, War","English, German, Spanish",USA,Won 2 Oscars. Another 3 wins & 13 nominations.,N/A,7.2,4234,
1963,My Fair Lady,G,12/24/1964,170 min,"Drama, Family, Musical",English,USA,Won 8 Oscars. Another 16 wins & 13 nominations.,N/A,7.9,73646,Yes
1963,Zorba the Greek,NOT RATED,12/14/1964,142 min,"Comedy, Drama",English,Greece,"Won 3 Oscars, Nominated for 4",0,7.8,17124,
1963,Becket,PG-13,3/10/1964,148 min,"Biography, Drama, History","English, Latin, Welsh","UK, USA",Won 1 Oscar. Another 13 wins & 23 nominations.,68,8,11907,
1963,Dr. Strangelove,PG,1/28/1964,95 min,"Comedy, War","English, Russian","USA, UK",Nominated for 4 Oscars. Another 13 wins & 7 nominations.,96,8.5,380880,
1963,Mary Poppins,G,9/10/1964,139 min,"Comedy, Family, Fantasy",English,USA,Won 5 Oscars. Another 15 wins & 17 nominations.,N/A,7.8,121809,
1962,Tom Jones,NOT RATED,12/10/1963,128 min,"Adventure, Comedy, History",English,UK,Won 4 Oscars. Another 16 wins & 20 nominations.,N/A,6.7,9302,Yes
1962,America America,NOT RATED,6/16/1964,174 min,Drama,English,USA,Won 1 Oscar. Another 6 wins & 11 nominations.,N/A,7.8,3912,
1962,Cleopatra,G,7/30/1963,192 min,"Biography, Drama, History",English,"Switzerland, UK, USA",Won 4 Oscars. Another 2 wins & 13 nominations.,60,7,24238,
1962,How the West Was Won,APPROVED,2/19/1963,164 min,Western,"English, Arapaho",USA,Won 3 Oscars. Another 7 wins & 5 nominations.,N/A,7.1,15615,
1962,Lilies of the Field,UNRATED,7/4/1963,94 min,Drama,"English, German, Spanish",USA,Won 1 Oscar. Another 10 wins & 13 nominations.,N/A,7.7,7311,
1961,Lawrence of Arabia,PG,12/10/1962,216 min,"Adventure, Biography, Drama","English, Arabic, Turkish","UK, USA",Won 7 Oscars. Another 23 wins & 14 nominations.,100,8.3,216163,Yes
1961,Mutiny on the Bounty,NOT RATED,11/8/1962,132 min,"Adventure, Biography, Drama","English, Polynesian",USA,Won 1 Oscar. Another 2 wins & 7 nominations.,N/A,7.8,17695,
1961,The Longest Day,G,10/3/1962,178 min,"Action, Drama, History","English, German, French",USA,Won 2 Oscars. Another 6 wins & 6 nominations.,N/A,7.8,46525,
1961,The Music Man,APPROVED,6/18/1962,151 min,"Comedy, Musical, Romance",English,USA,Won 1 Oscar. Another 5 wins & 12 nominations.,N/A,7.7,13856,
1961,To Kill a Mockingbird,NOT RATED,3/15/1963,129 min,"Crime, Drama",English,USA,Won 3 Oscars. Another 10 wins & 16 nominations.,N/A,8.3,245034,
1960,West Side Story,NOT RATED,12/22/1961,153 min,"Crime, Drama, Musical","English, Spanish",USA,Won 10 Oscars. Another 18 wins & 11 nominations.,N/A,7.6,79696,Yes
1960,Fanny,NOT RATED,6/27/1961,134 min,"Drama, Romance",English,USA,Nominated for 5 Oscars. Another 1 win & 11 nominations.,N/A,7,1618,
1960,Judgment at Nuremberg,NOT RATED,12/17/1961,186 min,"Drama, War","English, German",USA,Won 2 Oscars. Another 13 wins & 25 nominations.,N/A,8.3,51723,
1960,The Guns of Navarone,N/A,6/21/1961,158 min,"Action, Adventure, Drama","English, Greek, German","USA, UK",Won 1 Oscar. Another 3 wins & 12 nominations.,N/A,7.6,38942,
1960,The Hustler,NOT RATED,9/30/1961,134 min,"Drama, Sport",English,USA,Won 2 Oscars. Another 11 wins & 20 nominations.,N/A,8,67069,
1959,The Apartment,NOT RATED,9/15/1960,125 min,"Comedy, Drama, Romance",English,USA,Won 5 Oscars. Another 19 wins & 8 nominations.,N/A,8.3,125177,Yes
1959,Elmer Gantry,APPROVED,6/30/1960,146 min,Drama,English,USA,Won 3 Oscars. Another 8 wins & 12 nominations.,N/A,7.9,8692,
1959,Sons and Lovers,N/A,7/21/1960,103 min,Drama,English,UK,Won 1 Oscar. Another 7 wins & 16 nominations.,N/A,7.3,1010,
1959,The Alamo,PG-13,4/8/2004,137 min,"Drama, History, War","English, Spanish",USA,1 nomination.,47,6,17805,
1959,The Sundowners,UNRATED,2/27/1961,133 min,"Drama, Adventure",English,"UK, USA, Australia",Nominated for 5 Oscars. Another 4 wins & 8 nominations.,N/A,7.2,3095,
1958,Ben-Hur,G,1/28/1960,212 min,"Adventure, Drama, History",English,USA,Won 11 Oscars. Another 16 wins & 13 nominations.,90,8.1,181462,Yes
1958,Anatomy of a Murder,NOT RATED,8/31/1959,160 min,"Crime, Drama, Mystery",English,USA,Nominated for 7 Oscars. Another 9 wins & 11 nominations.,N/A,8.1,50482,
1958,Room at the Top,N/A,1/21/1959,115 min,"Drama, Romance",English,UK,Won 2 Oscars. Another 8 wins & 15 nominations.,N/A,7.7,4068,
1958,The Diary of Anne Frank,APPROVED,4/16/1959,180 min,"Biography, Drama, Family","English, German",USA,Won 3 Oscars. Another 5 wins & 14 nominations.,N/A,7.4,10191,
1958,The Nun’s Story,NOT RATED,7/17/1959,149 min,Drama,English,USA,Nominated for 8 Oscars. Another 11 wins & 15 nominations.,N/A,7.6,7717,
1957,Gigi,APPROVED,8/3/1958,115 min,"Comedy, Musical, Romance","English, French",USA,Won 9 Oscars. Another 12 wins & 9 nominations.,N/A,6.8,16226,Yes
1957,Auntie Mame,UNRATED,12/26/1958,143 min,"Comedy, Drama, Romance","English, French, Russian, Hindi",USA,Nominated for 6 Oscars. Another 4 wins & 6 nominations.,N/A,8,8755,
1957,Cat on a Hot Tin Roof,NOT RATED,9/19/1958,108 min,Drama,English,USA,Nominated for 6 Oscars. Another 2 wins & 10 nominations.,N/A,8.1,37077,
1957,Separate Tables,UNRATED,2/10/1959,100 min,"Drama, Romance",English,USA,Won 2 Oscars. Another 5 wins & 15 nominations.,N/A,7.5,5295,
1957,The Defiant Ones,APPROVED,9/26/1958,96 min,"Crime, Drama",English,USA,Won 2 Oscars. Another 12 wins & 21 nominations.,N/A,7.7,10482,
1956,The Bridge on the River Kwai,PG,12/13/1957,161 min,"Adventure, Drama, War","English, Japanese, Thai","UK, USA",Won 7 Oscars. Another 23 wins & 7 nominations.,87,8.2,167825,Yes
1956,12 Angry Men,APPROVED,3/31/1957,96 min,"Crime, Drama",English,USA,Nominated for 3 Oscars. Another 16 wins & 8 nominations.,96,8.9,520970,
1956,Peyton Place,APPROVED,3/2/1958,157 min,"Drama, Romance",English,USA,Nominated for 9 Oscars. Another 2 wins & 8 nominations.,N/A,7.2,4372,
1956,Sayonara,UNRATED,12/19/1957,147 min,"Drama, Romance","English, Japanese",USA,Won 4 Oscars. Another 4 wins & 18 nominations.,N/A,7.2,4663,
1956,Witness for the Prosecution,NOT RATED,2/5/1958,116 min,"Crime, Drama, Mystery","English, German",USA,Nominated for 6 Oscars. Another 3 wins & 9 nominations.,N/A,8.4,76814,
1955,Around the World in Eighty Days,N/A,9/8/1972,30 min,"Animation, Comedy",English,Australia,N/A,N/A,7.8,116,
1955,Friendly Persuasion,UNRATED,11/24/1956,137 min,"Drama, Romance, War",English,USA,Nominated for 6 Oscars. Another 5 wins & 4 nominations.,N/A,7.5,5382,
1955,Giant,G,11/23/1956,201 min,"Drama, Western","English, Spanish",USA,Won 1 Oscar. Another 6 wins & 15 nominations.,N/A,7.7,28665,
1955,The King and I,APPROVED,6/28/1956,133 min,"Biography, Drama, Musical","English, Thai",USA,Won 5 Oscars. Another 5 wins & 11 nominations.,N/A,7.5,20650,
1955,The Ten Commandments,G,10/4/1956,220 min,"Adventure, Drama",English,USA,Won 1 Oscar. Another 6 wins & 8 nominations.,N/A,7.9,52670,
1954,Marty,APPROVED,6/9/1955,90 min,"Drama, Romance",English,USA,Won 4 Oscars. Another 14 wins & 5 nominations.,N/A,7.7,17234,Yes
1954,Love Is a Many-Splendored Thing,UNRATED,9/25/1955,102 min,"Biography, Drama, Romance","English, Mandarin",USA,Won 3 Oscars. Another 2 wins & 6 nominations.,N/A,6.6,3651,
1954,Mister Roberts,UNRATED,12/3/1955,123 min,"Comedy, Drama, War",English,USA,Won 1 Oscar. Another 2 wins & 5 nominations.,N/A,7.8,13523,
1954,Picnic,APPROVED,2/15/1956,115 min,"Drama, Romance",English,USA,Won 2 Oscars. Another 3 wins & 11 nominations.,N/A,7.2,6745,
1954,The Rose Tattoo,UNRATED,1/1/1954,117 min,"Comedy, Drama, Romance","English, Italian","Brazil, USA",Won 3 Oscars. Another 7 wins & 7 nominations.,N/A,7.2,2895,
1953,On the Waterfront,NOT RATED,6/21/1954,108 min,"Crime, Drama, Thriller",English,USA,Won 8 Oscars. Another 21 wins & 9 nominations.,88,8.2,114464,Yes
1953,Seven Brides for Seven Brothers,G,8/5/1954,102 min,"Comedy, Drama, Musical",English,USA,Won 1 Oscar. Another 4 wins & 7 nominations.,N/A,7.4,17738,
1953,The Caine Mutiny,APPROVED,6/23/1954,124 min,"Drama, War",English,USA,Nominated for 7 Oscars. Another 6 nominations.,N/A,7.9,21344,
1953,The Country Girl,UNRATED,5/16/1955,104 min,"Drama, Music",English,USA,Won 2 Oscars. Another 5 wins & 11 nominations.,N/A,7.3,4459,
1953,Three Coins in the Fountain,UNRATED,4/30/1954,102 min,Drama,"English, Italian",USA,Won 2 Oscars. Another 3 nominations.,N/A,6.3,2452,
1952,From Here to Eternity,NOT RATED,8/27/1953,118 min,"Drama, Romance, War",English,USA,Won 8 Oscars. Another 14 wins & 7 nominations.,N/A,7.7,36937,Yes
1952,Julius Caesar,NOT RATED,6/3/1953,120 min,"Biography, Drama, History",English,USA,Won 1 Oscar. Another 6 wins & 7 nominations.,N/A,7.4,8652,
1952,Roman Holiday,NOT RATED,9/1/1953,118 min,"Comedy, Romance","English, Italian, German",USA,Won 3 Oscars. Another 7 wins & 15 nominations.,76,8.1,110652,
1952,Shane,NOT RATED,9/30/1953,118 min,"Drama, Western",English,USA,Won 1 Oscar. Another 3 wins & 10 nominations.,N/A,7.7,30992,
1952,The Robe,UNRATED,12/3/1953,135 min,"Drama, History",English,USA,Won 2 Oscars. Another 3 wins & 4 nominations.,N/A,6.8,7241,
1951,The Greatest Show on Earth,NOT RATED,4/30/1952,152 min,"Drama, Family, Romance","English, Russian",USA,Won 2 Oscars. Another 4 wins & 5 nominations.,N/A,6.7,10384,Yes
1951,High Noon,PG,7/29/1952,85 min,"Action, Drama, Thriller","English, Spanish",USA,Won 4 Oscars. Another 13 wins & 10 nominations.,89,8,85675,
1951,Ivanhoe,APPROVED,2/19/1953,106 min,"Adventure, Drama, History",English,"USA, UK",Nominated for 3 Oscars. Another 5 nominations.,N/A,6.8,6886,
1951,Moulin Rouge,NOT RATED,4/9/1953,119 min,"Biography, Drama, Music",English,UK,Won 2 Oscars. Another 4 wins & 10 nominations.,N/A,7.2,4173,
1951,The Quiet Man,NOT RATED,9/13/1952,129 min,"Comedy, Drama, Romance","English, Irish",USA,Won 2 Oscars. Another 8 wins & 8 nominations.,N/A,7.9,29379,
1950,An American in Paris,NOT RATED,11/10/1951,114 min,"Drama, Musical, Romance","English, French, German",USA,Won 6 Oscars. Another 4 wins & 7 nominations.,N/A,7.2,24798,Yes
1950,A Place in the Sun,NOT RATED,10/10/1951,122 min,"Drama, Romance",English,USA,Won 6 Oscars. Another 8 wins & 10 nominations.,N/A,7.8,16621,
1950,A Streetcar Named Desire,PG,11/30/1951,122 min,Drama,"English, Spanish",USA,Won 4 Oscars. Another 13 wins & 15 nominations.,N/A,8,85231,
1950,Decision Before Dawn,NOT RATED,2/24/1952,119 min,"Drama, War","English, French, German","USA, West Germany",Nominated for 2 Oscars. Another 1 win & 2 nominations.,N/A,7.4,1890,
1950,Quo Vadis,APPROVED,12/24/1951,171 min,"Biography, Drama, History",English,USA,Nominated for 8 Oscars. Another 4 wins & 3 nominations.,N/A,7.2,10962,
1949,All About Eve,NOT RATED,10/26/1950,138 min,Drama,"English, French",USA,Won 6 Oscars. Another 17 wins & 17 nominations.,98,8.3,94830,Yes
1949,Born Yesterday,APPROVED,1/31/1951,103 min,"Comedy, Drama, Romance",English,USA,Won 1 Oscar. Another 3 wins & 10 nominations.,N/A,7.6,8178,
1949,Father of the Bride,PG,8/29/1991,105 min,"Comedy, Family, Romance",English,USA,1 win & 4 nominations.,51,6.5,59393,
1949,King Solomon’s Mines,PASSED,11/24/1950,103 min,"Adventure, Romance, Action",English,USA,"Won 2 Oscars, Nominated for 1",0,6.9,4818,
1949,Sunset Blvd.,N/A,9/29/1950,N/A,Drama,English,"USA, Germany",N/A,N/A,5.2,17,
1948,All the King’s Men,PG-13,9/21/2006,128 min,"Drama, Thriller",English,"Germany, USA",1 win & 3 nominations.,37,6.2,21755,
1948,A Letter to Three Wives,UNRATED,2/2/1949,103 min,"Drama, Romance",English,USA,Won 2 Oscars. Another 3 wins & 1 nomination.,N/A,7.9,6914,
1948,Battleground,APPROVED,1/19/1950,118 min,"Action, War, Drama","English, French, German",USA,Won 2 Oscars. Another 3 wins & 5 nominations.,N/A,7.5,5658,
1948,The Heiress,NOT RATED,12/27/1949,115 min,"Drama, Romance","English, French",USA,Won 4 Oscars. Another 5 wins & 8 nominations.,N/A,8.2,10892,
1948,Twelve O’Clock High,NOT RATED,1/1/1950,132 min,"Drama, War",English,UK,"Won 2 Oscars, Nominated for 2",0,7.8,10848,
1947,Hamlet,PG-13,12/24/1996,242 min,Drama,English,"UK, USA",Nominated for 4 Oscars. Another 9 wins & 21 nominations.,N/A,7.8,32510,Yes
1947,Johnny Belinda,UNRATED,9/13/1948,102 min,Drama,"English, American Sign Language",USA,Won 1 Oscar. Another 4 wins & 13 nominations.,N/A,7.8,3490,
1947,The Red Shoes,NOT RATED,9/5/1948,134 min,"Drama, Music, Romance","English, French, Russian",UK,Won 2 Oscars. Another 2 wins & 5 nominations.,N/A,8.3,22382,
1947,The Snake Pit,APPROVED,11/12/1948,108 min,"Drama, Mystery","English, German",USA,Won 1 Oscar. Another 9 wins & 9 nominations.,N/A,7.7,5373,
1947,The Treasure of the Sierra Madre,NOT RATED,1/23/1948,126 min,"Adventure, Drama, Western","English, Spanish",USA,Won 3 Oscars. Another 12 wins & 5 nominations.,99,8.3,89796,
1946,Gentleman’s Agreement,APPROVED,1/31/1948,118 min,"Drama, Romance",English,USA,Won 3 Oscars. Another 9 wins & 8 nominations.,N/A,7.4,12265,
1946,Crossfire,UNRATED,8/14/1947,86 min,"Crime, Drama, Film-Noir",English,USA,Nominated for 5 Oscars. Another 3 wins & 3 nominations.,N/A,7.4,6062,
1946,Great Expectations,R,1/29/1998,111 min,"Drama, Romance","English, French, Portuguese",USA,1 win & 3 nominations.,55,6.8,45684,
1946,Miracle on 34th Street,NOT RATED,10/1/1947,96 min,"Comedy, Drama, Family","English, Dutch",USA,Won 3 Oscars. Another 5 wins & 1 nomination.,N/A,7.9,34259,
1946,The Bishop’s Wife,NOT RATED,2/15/1948,109 min,"Comedy, Drama, Fantasy","English, French",USA,Won 1 Oscar. Another 4 nominations.,N/A,7.6,11425,
1945,The Best Years of Our Lives,NOT RATED,6/16/1947,170 min,"Drama, Romance, War",English,USA,Won 7 Oscars. Another 14 wins & 2 nominations.,N/A,8.1,45150,Yes
1945,It’s a Wonderful Life,PG,1/6/1947,130 min,"Drama, Family, Fantasy",English,USA,Nominated for 5 Oscars. Another 6 wins & 1 nomination.,89,8.6,317158,
1945,Henry V,NOT RATED,6/17/1946,137 min,"Biography, Drama, History",English,USA,"Won 1 Oscar, Nominated for 4",0,7.3,4893,
1945,The Razor's Edge,APPROVED,12/24/1946,145 min,"Drama, Romance","English, French",USA,Won 1 Oscar. Another 2 wins & 3 nominations.,N/A,7.5,4390,
1945,The Yearling,APPROVED,4/30/1947,128 min,"Drama, Family",English,USA,Won 2 Oscars. Another 1 win & 5 nominations.,N/A,7.3,4610,
1944,The Lost Weekend,NOT RATED,12/31/1945,101 min,"Drama, Film-Noir",English,USA,Won 4 Oscars. Another 12 wins & 3 nominations.,N/A,8,27998,Yes
1944,Anchors Aweigh,PASSED,7/31/1945,140 min,"Comedy, Fantasy, Musical","English, Spanish",USA,Won 1 Oscar. Another 4 nominations.,N/A,7.2,6568,
1944,Mildred Pierce,NOT RATED,10/20/1945,111 min,"Crime, Drama",English,USA,"Won 1 Oscar, 5 nominations",#N/A,8,18307,
1944,Spellbound,NOT RATED,12/27/1945,111 min,"Film-Noir, Mystery, Romance",English,USA,Won 1 Oscar. Another 1 win & 6 nominations.,N/A,7.6,36251,
1944,The Bells of St. Mary's,UNRATED,2/20/1946,126 min,Drama,English,USA,Won 1 Oscar. Another 3 wins & 7 nominations.,N/A,7.4,5809,
1943,Going My Way,PASSED,10/1/1944,126 min,"Comedy, Drama, Music",English,USA,Won 7 Oscars. Another 11 wins & 4 nominations.,N/A,7.2,8446,Yes
1943,Double Indemnity,NOT RATED,7/5/1944,107 min,"Crime, Drama, Film-Noir",English,USA,Nominated for 7 Oscars. Another 2 wins & 2 nominations.,N/A,8.3,111483,
1943,Gaslight,NOT RATED,10/29/1944,114 min,"Crime, Drama, Film-Noir",English,USA,Won 2 Oscars. Another 3 wins & 7 nominations.,N/A,7.9,19024,
1943,Since You Went Away,APPROVED,7/19/1944,177 min,"Drama, Romance, War","English, Yiddish",USA,Won 1 Oscar. Another 8 nominations.,N/A,7.6,3558,
1943,Wilson,R,3/23/2017,94 min,"Comedy, Drama",English,USA,1 nomination.,49,5.8,6091,
1942,Casablanca,PG,1/22/1943,102 min,"Drama, Romance, War","English, French, German, Italian",USA,Won 3 Oscars. Another 5 wins & 9 nominations.,100,8.5,430862,Yes
1942,For Whom the Bell Tolls,UNRATED,4/27/1944,170 min,"Adventure, Drama, History","English, Spanish",USA,Won 1 Oscar. Another 3 wins & 9 nominations.,N/A,7,6882,
1942,Heaven Can Wait,PG,6/27/1978,101 min,"Comedy, Fantasy, Romance",English,USA,Won 1 Oscar. Another 8 wins & 13 nominations.,72,6.9,15562,
1942,In Which We Serve,NOT RATED,12/22/1942,115 min,"Drama, War",English,UK,Nominated for 2 Oscars. Another 7 wins & 1 nomination.,N/A,7.3,4185,
1942,Madame Curie,NOT RATED,1/31/1944,124 min,"Biography, Drama, Romance",English,USA,N/A,N/A,7.2,2094,
1942,The Human Comedy,UNRATED,2/13/1944,117 min,"Comedy, Drama, Family","English, Spanish",USA,Won 1 Oscar. Another 1 win & 5 nominations.,N/A,7.1,1474,
1942,The More the Merrier,PASSED,5/12/1943,104 min,"Comedy, Romance, War",English,USA,Won 1 Oscar. Another 1 win & 5 nominations.,N/A,7.9,4603,
1942,The Ox-Bow Incident,NOT RATED,5/20/1943,75 min,"Drama, Western","English, Spanish",USA,Nominated for 1 Oscar. Another 5 wins & 1 nomination.,N/A,8.1,17522,
1942,The Song of Bernadette,APPROVED,3/31/1945,156 min,"Biography, Drama","English, French",USA,Won 4 Oscars. Another 4 wins & 8 nominations.,N/A,7.7,4931,
1942,Watch on the Rhine,Approved,8/27/1943,114 min,Drama,English,USA,"Won 1 oscar, nominated for 3",#N/A,7.4,3083,
1941,Mrs. Miniver,NOT RATED,11/30/1942,134 min,"Drama, Romance, War","English, German",USA,Won 6 Oscars. Another 4 wins & 7 nominations.,N/A,7.6,12744,Yes
1941,49th Parallel,NOT RATED,4/14/1942,104 min,"Drama, War, Thriller","English, French, German",UK,Won 1 Oscar. Another 2 wins & 2 nominations.,N/A,7.4,4683,
1941,Kings Row,NOT RATED,4/17/1942,127 min,"Drama, Mystery, Romance","English, French",USA,Nominated for 3 Oscars. Another 2 wins.,N/A,7.7,3356,
1941,Random Harvest,PASSED,8/30/1943,126 min,"Drama, Romance",English,USA,Nominated for 7 Oscars. Another 2 wins & 1 nomination.,N/A,8,5752,
1941,The Magnificent Ambersons,NOT RATED,7/9/1942,88 min,"Drama, Romance",English,USA,Nominated for 4 Oscars. Another 4 wins.,N/A,7.9,18309,
1941,The Pied Piper,N/A,8/31/1986,53 min,"Animation, Fantasy, Horror",Czech,"Czechoslovakia, West Germany",1 win & 2 nominations.,N/A,8,793,
1941,The Pride of the Yankees,APPROVED,3/4/1943,128 min,"Biography, Drama, Romance",English,USA,Won 1 Oscar. Another 10 nominations.,N/A,7.8,8374,
1941,The Talk of the Town,NOT RATED,8/19/1942,118 min,"Comedy, Drama, Romance",English,USA,N/A,N/A,7.6,5840,
1941,Wake Island,APPROVED,8/10/1942,88 min,"Action, Drama, War","English, Japanese",USA,Nominated for 4 Oscars. Another 2 wins & 2 nominations.,N/A,7,1469,
1941,Yankee Doodle Dandy,NOT RATED,6/5/1942,126 min,"Biography, Drama, Musical",English,USA,Won 3 Oscars. Another 3 wins & 6 nominations.,N/A,7.8,12070,
1940,How Green Was My Valley,APPROVED,4/8/1942,118 min,"Drama, Family","English, Welsh",USA,Won 5 Oscars. Another 8 wins & 6 nominations.,N/A,7.8,17511,Yes
1940,Blossoms in the Dust,APPROVED,8/14/1941,99 min,"Biography, Drama, Romance",English,USA,Won 1 Oscar. Another 3 nominations.,N/A,7,1395,
1940,Citizen Kane,PG,9/4/1941,119 min,"Drama, Mystery",English,USA,Won 1 Oscar. Another 9 wins & 13 nominations.,100,8.4,329122,
1940,Here Comes Mr. Jordan,NOT RATED,8/20/1941,94 min,"Fantasy, Comedy, Romance",English,USA,Won 2 Oscars. Another 3 wins & 6 nominations.,N/A,7.7,4846,
1940,Hold Back the Dawn,NOT RATED,9/25/1941,116 min,"Drama, Romance","English, Spanish",USA,Nominated for 6 Oscars. Another 1 nomination.,N/A,7.5,1407,
1940,One Foot in Heaven,APPROVED,10/31/1941,108 min,"Biography, Drama",English,USA,N/A,N/A,7.1,810,
1940,Sergeant York,APPROVED,9/26/1941,134 min,"Biography, Drama, History","English, French, German",USA,Won 2 Oscars. Another 3 wins & 10 nominations.,N/A,7.8,13243,
1940,Suspicion,NOT RATED,11/13/1941,99 min,"Mystery, Thriller",English,USA,Won 1 Oscar. Another 3 wins & 2 nominations.,83,7.4,26349,
1940,The Little Foxes,APPROVED,8/28/1941,116 min,"Drama, Romance",English,USA,Nominated for 9 Oscars. Another 3 wins.,N/A,8.2,8254,
1940,The Maltese Falcon,NOT RATED,10/17/1941,100 min,"Film-Noir, Mystery",English,USA,Nominated for 3 Oscars. Another 4 wins.,N/A,8.1,126237,
1939,Rebecca,NOT RATED,4/11/1940,130 min,"Drama, Mystery, Romance","English, French",USA,Won 2 Oscars. Another 4 wins & 10 nominations.,N/A,8.2,98246,Yes
1939,All This and Heaven Too,APPROVED,7/12/1940,141 min,"Drama, Romance","English, French",USA,N/A,N/A,7.6,3518,
1939,Foreign Correspondent,NOT RATED,8/15/1940,120 min,"Action, Romance, Thriller","English, Dutch, Latvian",USA,Nominated for 6 Oscars. Another 1 win.,N/A,7.6,15117,
1939,Kitty Foyle: The Natural History of a Woman,APPROVED,12/27/1940,108 min,"Drama, Romance",English,USA,"Won 1 Oscar, Nominated for 4",0,7.1,2604,
1939,Our Town,NOT RATED,5/23/1940,90 min,"Drama, Romance",English,USA,Nominated for 6 Oscars. Another 3 wins & 1 nomination.,N/A,6.8,1840,
1939,The Grapes of Wrath,NOT RATED,3/14/1940,129 min,"Drama, History",English,USA,Won 2 Oscars. Another 9 wins & 5 nominations.,N/A,8.1,70922,
1939,The Great Dictator,G,3/6/1941,125 min,"Comedy, Drama, War","English, Esperanto",USA,Nominated for 5 Oscars. Another 6 wins & 1 nomination.,N/A,8.5,157822,
1939,The Letter,NOT RATED,11/22/1940,95 min,"Crime, Drama, Film-Noir",English,USA,Nominated for 7 Oscars. Another 1 win & 2 nominations.,N/A,7.7,9219,
1939,The Long Voyage Home,APPROVED,11/21/1940,105 min,"Drama, War","English, Spanish",USA,Nominated for 6 Oscars. Another 3 wins & 1 nomination.,N/A,7.1,3134,
1939,The Philadelphia Story,NOT RATED,1/16/1941,112 min,"Comedy, Romance","English, French",USA,Won 2 Oscars. Another 3 wins & 5 nominations.,N/A,8,54389,
1938,Gone with the Wind,G,1/16/1940,238 min,"Drama, History, Romance",English,USA,Won 8 Oscars. Another 10 wins & 9 nominations.,97,8.2,239833,Yes
1938,Dark Victory,APPROVED,4/21/1939,104 min,"Drama, Romance",English,USA,Nominated for 3 Oscars. Another 2 wins & 1 nomination.,N/A,7.6,8132,
1938,Goodbye Mr. Chips,N/A,1/28/1984,30 min,N/A,English,UK,N/A,N/A,7.7,33,
1938,Love Affair,PG-13,10/20/1994,108 min,"Comedy, Drama, Romance",English,USA,2 nominations.,N/A,5.9,3943,
1938,Mr. Smith Goes to Washington,NOT RATED,10/18/1939,129 min,"Comedy, Drama",English,USA,Won 1 Oscar. Another 4 wins & 12 nominations.,73,8.2,86743,
1938,Ninotchka,PASSED,11/22/1939,110 min,"Comedy, Romance","English, Russian",USA,Nominated for 4 Oscars. Another 3 wins & 2 nominations.,N/A,8,15822,
1938,Of Mice and Men,PG-13,10/1/1992,115 min,Drama,English,USA,1 nomination.,N/A,7.5,34692,
1938,Stagecoach,NOT RATED,3/2/1939,96 min,"Adventure, Western",English,USA,Won 2 Oscars. Another 5 wins & 5 nominations.,N/A,7.9,34437,
1938,The Wizard of Oz,PG,8/24/1939,102 min,"Adventure, Family, Fantasy",English,USA,Won 2 Oscars. Another 7 wins & 14 nominations.,100,8.1,322363,
1938,Wuthering Heights,APPROVED,4/6/1939,104 min,"Drama, Romance",English,USA,Won 1 Oscar. Another 5 wins & 7 nominations.,N/A,7.7,13731,
1937,You Can’t Take it With You,NOT RATED,9/29/1938,126 min,"Comedy, Drama, Romance",English,USA,"Won 2 Oscars, Another 5 Nominations",0,8,19598,
1937,Alexander's Ragtime Band,APPROVED,8/15/1938,106 min,"Drama, Musical, Romance",English,USA,Won 1 Oscar. Another 6 nominations.,N/A,7,1508,
1937,Boys Town,PASSED,9/8/1938,96 min,"Biography, Drama","English, Hebrew",USA,Won 2 Oscars. Another 1 win & 4 nominations.,N/A,7.3,4313,
1937,Four Daughters,APPROVED,8/8/1938,90 min,"Drama, Music, Romance","English, French",USA,Nominated for 5 Oscars. Another 1 win & 2 nominations.,N/A,7,1406,
1937,Jezebel,APPROVED,3/25/1938,104 min,"Drama, Romance","English, French",USA,Won 2 Oscars. Another 3 wins & 4 nominations.,N/A,7.6,9787,
1937,La grande illusion,NOT RATED,9/11/1938,113 min,"Drama, War","French, German, English, Russian",France,Nominated for 1 Oscar. Another 6 wins & 1 nomination.,N/A,8.1,29121,
1937,Pygmalion,NOT RATED,3/2/1939,89 min,"Comedy, Drama, Romance",English,UK,Won 1 Oscar. Another 2 wins & 5 nominations.,N/A,7.9,6431,
1937,Test Pilot,PASSED,4/21/1938,119 min,"Drama, Romance",English,USA,Nominated for 3 Oscars. Another 1 nomination.,N/A,6.9,1752,
1937,The Adventures of Robin Hood,PG,5/13/1938,102 min,"Action, Adventure, Romance",English,USA,Won 3 Oscars. Another 3 wins & 2 nominations.,97,8,41469,
1937,The Citadel,PASSED,10/28/1938,110 min,Drama,English,UK,Nominated for 4 Oscars. Another 5 wins.,N/A,7.2,1567,
1936,The Life of Emile Zola,NOT RATED,10/1/1937,116 min,"Biography, Drama",English,USA,Won 3 Oscars. Another 5 wins & 7 nominations.,N/A,7.3,5678,Yes
1936,A Star Is Born,APPROVED,10/15/1954,154 min,"Drama, Musical, Romance",English,USA,Nominated for 6 Oscars. Another 5 wins & 5 nominations.,N/A,7.8,11622,
1936,Captains Courageous,PASSED,6/24/1937,117 min,"Adventure, Drama, Family","English, Portuguese",USA,Won 1 Oscar. Another 2 wins & 6 nominations.,N/A,8,7192,
1936,Dead End,R,9/25/2003,85 min,"Adventure, Horror, Mystery",English,France,7 wins & 5 nominations.,N/A,6.7,21621,
1936,In Old Chicago,APPROVED,4/14/1938,95 min,"Action, Drama, Musical",English,USA,Won 2 Oscars. Another 4 nominations.,N/A,6.9,1661,
1936,Lost Horizon,UNRATED,8/31/1937,97 min,"Adventure, Drama, Fantasy","English, Mandarin",USA,Won 2 Oscars. Another 1 win & 5 nominations.,N/A,7.8,10186,
1936,One Hundred Men and a Girl,APPROVED,9/4/1937,84 min,"Comedy, Music",English,USA,Won 1 Oscar. Another 4 nominations.,N/A,6.9,762,
1936,Stage Door,APPROVED,10/7/1937,92 min,"Comedy, Drama",English,USA,Nominated for 4 Oscars. Another 2 wins & 1 nomination.,N/A,7.8,6388,
1936,The Awful Truth,NOT RATED,10/20/1937,91 min,"Comedy, Romance","English, French, Italian",USA,Won 1 Oscar. Another 2 wins & 5 nominations.,N/A,7.9,14654,
1936,The Good Earth,PASSED,8/5/1937,138 min,"Drama, Romance",English,USA,Won 2 Oscars. Another 2 wins & 3 nominations.,N/A,7.8,3782,
1935,The Great Ziegfeld,NOT RATED,4/7/1936,176 min,"Biography, Drama, Musical",English,USA,Won 3 Oscars. Another 1 win & 5 nominations.,N/A,6.8,5671,Yes
1935,A Tale of Two Cities,NOT RATED,12/24/1935,128 min,"Drama, History, Romance",English,USA,N/A,N/A,7.8,4276,
1935,Anthony Adverse,NOT RATED,8/28/1936,141 min,"Adventure, Drama, Romance","English, Italian",USA,Won 4 Oscars. Another 3 nominations.,N/A,6.5,1259,
1935,Dodsworth,PASSED,9/22/1936,101 min,"Drama, Romance","English, French, German, Italian",USA,Won 1 Oscar. Another 2 wins & 9 nominations.,N/A,8.1,6695,
1935,Libeled Lady,NOT RATED,10/8/1936,98 min,"Comedy, Romance",English,USA,N/A,N/A,7.9,5763,
1935,Mr. Deeds Goes to Town,APPROVED,4/11/1936,115 min,"Comedy, Drama, Romance",English,USA,Won 1 Oscar. Another 4 wins & 7 nominations.,N/A,8,16371,
1935,Romeo and Juliet,PG,10/7/1968,138 min,"Drama, Romance",English,"UK, Italy",Won 2 Oscars. Another 14 wins & 15 nominations.,N/A,7.6,25400,
1935,San Francisco,UNRATED,6/25/1936,115 min,"Drama, Musical, Romance",English,USA,Won 1 Oscar. Another 1 win & 6 nominations.,N/A,7.3,4150,
1935,The Story of Louis Pasteur,UNRATED,1/31/1936,86 min,"Biography, Drama, History","English, French, Russian",USA,Won 3 Oscars. Another 2 wins & 2 nominations.,N/A,7.4,1733,
1935,Three Smart Girls,APPROVED,12/19/1936,84 min,"Comedy, Musical, Romance",English,USA,Nominated for 3 Oscars. Another 1 nomination.,N/A,6.8,914,
1934,Mutiny on the Bounty,NOT RATED,1/1/1934,132 min,"Adventure, Biography, Drama","English, Polynesian",USA,Won 1 Oscar. Another 2 wins & 7 nominations.,N/A,7.8,17695,Yes
1934,A Midsummer Night's Dream,PG-13,5/13/1999,116 min,"Comedy, Fantasy, Romance","English, Italian","UK, Italy, USA",1 win & 1 nomination.,61,6.5,22257,
1934,Alice Adams,APPROVED,11/12/1935,99 min,"Comedy, Drama, Romance",English,USA,Nominated for 2 Oscars. Another 1 win & 1 nomination.,N/A,7,3005,
1934,Broadway Melody of 1936,PASSED,9/19/1935,101 min,"Musical, Romance",English,USA,Won 1 Oscar. Another 2 nominations.,N/A,6.9,1147,
1934,Captain Blood,NOT RATED,12/27/1935,119 min,"Action, Adventure","English, French",USA,N/A,N/A,7.8,10657,
1934,Les misérables Naughty Marietta,G,3/29/1935,105 min,"Drama, Musical, Romance",English,USA,"Won 1 Oscar, Nominated for 1",0,7,889,
1934,Ruggles of Red Gap,NOT RATED,3/7/1935,90 min,"Comedy, Romance","English, French",USA,Nominated for 1 Oscar. Another 3 wins.,N/A,7.7,2925,
1934,The Informer,APPROVED,5/23/1935,91 min,"Crime, Drama",English,USA,Won 4 Oscars. Another 5 wins & 4 nominations.,N/A,7.5,4731,
1934,The Lives of a Bengal Lancer,NOT RATED,1/31/1935,109 min,"Adventure, Drama",English,USA,Won 2 Oscars. Another 1 win & 6 nominations.,N/A,7.3,2020,
1934,The Personal History of Rachel DuPree,N/A,1/1/1934,N/A,Drama,N/A,USA,N/A,N/A,N/A,N/A,
1933,It Happened One Night,NOT RATED,2/21/1934,105 min,"Comedy, Romance",English,USA,Won 5 Oscars. Another 5 wins & 2 nominations.,N/A,8.1,74093,Yes
1933,Cleopatra,G,7/30/1963,192 min,"Biography, Drama, History",English,"Switzerland, UK, USA",Won 4 Oscars. Another 2 wins & 13 nominations.,60,7,24238,
1933,Flirtation Walk,NOT RATED,11/30/1934,97 min,"Musical, Romance",English,USA,N/A,N/A,5.8,442,
1933,Here Comes the Navy,APPROVED,7/20/1934,87 min,"Comedy, Drama, Romance",English,USA,N/A,N/A,6.4,625,
1933,Imitation of Life,NOT RATED,4/29/1959,125 min,Drama,English,USA,Nominated for 2 Oscars. Another 3 wins & 4 nominations.,N/A,7.9,12265,
1933,One Night of Love,PASSED,9/15/1934,84 min,"Music, Romance",English,USA,"Won 2 Oscars, Another 2 Nominations",0,5.9,426,
1933,The Barretts of Wimpole Street,PASSED,9/20/1934,109 min,"Biography, Drama, Romance",English,USA,Nominated for 2 Oscars. Another 1 win.,N/A,7,1192,
1933,The Gay Divorcee,APPROVED,10/11/1934,107 min,"Comedy, Musical, Romance","English, French, Italian",USA,Won 1 Oscar. Another 5 nominations.,N/A,7.6,5736,
1933,The House of Rothschild,PASSED,4/6/1934,88 min,"Biography, Drama, History",English,USA,N/A,N/A,6.8,791,
1933,The Thin Man,NOT RATED,5/24/1934,91 min,"Comedy, Crime, Mystery",English,USA,Nominated for 4 Oscars. Another 3 wins.,N/A,8.1,22319,
1932,Cavalcade,PASSED,4/14/1933,112 min,"Drama, Romance, War",English,USA,Won 3 Oscars. Another 1 win & 1 nomination.,N/A,6,3475,Yes
1932,42nd Street,UNRATED,3/10/1933,89 min,"Comedy, Musical, Romance",English,USA,Nominated for 2 Oscars. Another 1 win.,N/A,7.6,8661,
1932,A Farewell to Arms,UNRATED,12/7/1932,80 min,"Drama, Romance, War",English,USA,Won 2 Oscars. Another 1 win & 2 nominations.,N/A,6.6,3935,
1932,I Am a Fugitive from a Chain Gang,NOT RATED,11/18/1932,92 min,"Crime, Drama, Film-Noir",English,USA,Nominated for 3 Oscars. Another 3 wins.,N/A,8.1,9764,
1932,Lady for a Day,TV-G,9/12/1933,96 min,Comedy,"English, Spanish",USA,N/A,N/A,7.5,2949,
1932,Little Women,PG,12/24/1994,115 min,"Drama, Family, Romance","English, German, French","USA, Canada",Nominated for 3 Oscars. Another 5 wins & 15 nominations.,87,7.3,40215,
1932,She Done Him Wrong,APPROVED,2/8/1933,66 min,"Comedy, Drama, History",English,USA,Nominated for 1 Oscar. Another 2 wins.,N/A,6.5,4546,
1932,Smilin’ Through,APPROVED,9/23/1932,98 min,"Drama, Romance",English,USA,Nominated for 1 Oscar. Another 1 win.,N/A,7,772,
1932,State Fair,APPROVED,8/29/1945,100 min,"Comedy, Drama, Musical",English,USA,Won 1 Oscar. Another 3 nominations.,N/A,7.1,3018,
1932,The Private Life of Henry VIII,NOT RATED,9/20/1933,97 min,"Biography, Comedy, Drama",English,UK,Won 1 Oscar. Another 1 win & 1 nomination.,N/A,7.2,2877,
1931,Grand Hotel,PASSED,9/10/1932,112 min,"Drama, Romance","English, Russian",USA,Won 1 Oscar. Another 1 win & 1 nomination.,N/A,7.6,14339,Yes
1931,Arrowsmith,PASSED,12/25/1931,108 min,Drama,"English, Italian, Swedish",USA,N/A,N/A,6.2,1136,
1931,Bad Girl,NOT RATED,9/12/1931,90 min,"Drama, Romance",English,USA,Won 2 Oscars. Another 1 nomination.,N/A,6.7,800,
1931,Five Star Final,NOT RATED,9/25/1931,89 min,"Crime, Drama",English,USA,N/A,N/A,7.3,1274,
1931,One Hour with You,PASSED,3/24/1932,80 min,"Comedy, Musical, Romance","English, French",USA,N/A,N/A,7.4,1629,
1931,Shanghai Express,PASSED,2/11/1932,82 min,"Adventure, Drama, Romance","English, French, Cantonese, German",USA,Won 1 Oscar. Another 2 nominations.,N/A,7.4,5488,
1931,The Champ,PG,4/3/1979,121 min,"Drama, Sport",English,USA,Nominated for 1 Oscar. Another 2 wins & 6 nominations.,N/A,6.8,6681,
1931,The Smiling Lieutenant,PASSED,7/31/1931,93 min,"Comedy, Romance, Musical","English, French",USA,N/A,N/A,7.8,2747,
1930,Cimarron,PASSED,2/8/1931,123 min,"Drama, Western","English, French",USA,Won 3 Oscars. Another 2 wins & 4 nominations.,N/A,6,4217,Yes
1930,East Lynne,N/A,2/28/1931,102 min,Drama,English,USA,N/A,N/A,7.1,80,
1930,Skippy,N/A,12/2/1967,25 min,"Adventure, Family",English,Australia,1 win.,N/A,6.3,665,
1931,The Front Page,#N/A,4/4/1931,#N/A,#N/A,#N/A,#N/A,#N/A,#N/A,#N/A,#N/A,
1930,Trader Horn,PASSED,5/22/1931,122 min,"Adventure, Romance","English, Swahili",USA,N/A,N/A,6.5,719,
1929,All Quiet on the Western Front,NOT RATED,8/23/1930,136 min,"Drama, War","English, French, German, Latin",USA,Won 2 Oscars. Another 5 wins & 2 nominations.,N/A,8.1,50396,Yes
1929,Disraeli,PASSED,10/31/1929,90 min,"Biography, Drama, History",English,USA,Won 1 Oscar. Another 2 wins & 2 nominations.,N/A,6.4,809,
1929,The Divorcee,PASSED,4/18/1930,84 min,"Romance, Drama","English, French",USA,Won 1 Oscar. Another 3 nominations.,N/A,6.9,2174,
1929,The Big House,PASSED,6/13/1930,87 min,"Crime, Drama, Thriller","English, Russian",USA,Won 2 Oscars. Another 2 nominations.,N/A,7.2,1385,
1929,The Love Parade,APPROVED,1/17/1930,107 min,"Comedy, Musical, Romance","English, French",USA,Nominated for 6 Oscars. Another 1 win.,N/A,7.2,1541,
1928,The Broadway Melody,PASSED,6/5/1929,100 min,"Drama, Musical, Romance",English,USA,Won 1 Oscar. Another 2 nominations.,N/A,6.2,5122,Yes
1928,Alibi,N/A,2/13/2008,86 min,Comedy,Dutch,Netherlands,1 win.,N/A,5.7,779,
1928,In Old Arizona,PASSED,1/19/1929,95 min,"Romance, Western","English, Spanish, Italian",USA,Won 1 Oscar. Another 4 nominations.,N/A,5.7,668,
1928,The Hollywood Revue of 1929,N/A,11/22/1929,130 min,Musical,English,USA,N/A,N/A,7.4,1586,
1928,The Patriot,R,6/27/2000,165 min,"Action, Drama, History",English,"USA, Germany",Nominated for 3 Oscars. Another 8 wins & 18 nominations.,63,7.2,224176,
1927,Wings,PG-13,1/4/1929,144 min,"Drama, Romance, War",English,USA,Won 2 Oscars. Another 3 wins & 1 nomination.,N/A,7.7,8909,Yes
1927,7th Heaven,TV-PG,8/25/1996,60 min,"Drama, Family, Romance",English,USA,Nominated for 1 Primetime Emmy. Another 20 wins & 55 nominations.,N/A,5.1,22043,
1927,The Racket,APPROVED,11/1/1928,88 min,"Crime, Drama, Film-Noir",English,USA,N/A,N/A,6.8,2056,
1927,Sunrise: A Song of Two Humans,NOT RATED,11/4/1927,94 min,"Drama, Romance",English,USA,"Won 3 Oscars, Nominated for 1",0,8.2,35173,
1927,Chang: A Drama of the Wilderness,PASSED,9/2/1927,69 min,"Adventure, Documentary",N/A,USA,N/A,N/A,7.2,740,
1927,The Crowd,NOT RATED,3/2/1928,98 min,"Drama, Romance",N/A,USA,Nominated for 2 Oscars. Another 1 win.,N/A,8,6088,
